ObjectID,ROS Number,Lifeboat Station,AIC,Year,Lifeboat Class,Lifeboat Number,RoS Type,Casualty Category,Casualty Type,Reason for launch,Outcome,Visibility at incident,Weather at incident,Sea conditions at incident,Wind direction at incident,Visibility at launch,Weather at launch,Sea conditions at launch,Wind direction at launch,Arrived on scene?,x,y,Date of launch,Time of launch,Date time of launch,x2,y2
134179,LBI05622/2023,St Peter Port,Motorboat,2023,SEVERN,ON1203,ALB,LEISURE,Motorboat,Unknown person,Rendered assistance,GOOD ,PART CLOUDY, SLIGHT,225,GOOD ,PART CLOUDY, SLIGHT,225,Yes,-2.80167,49.75743,2023-07-25,19:31:00,7/25/2023 6:31:00 PM,-2.80167,49.75743
134198,LBI02601/2021,St Peter Port,Commercial fishing,2021,SEVERN,ON1203,ALB,COMMERCIAL,Commercial fishing,Machinery/equipment failure,Rendered assistance,GOOD ,CLEAR SKIES, CALM,225,GOOD ,CLEAR SKIES, CALM,225,Yes,-3.24737,49.73032,2021-05-27,09:04:00,5/27/2021 8:04:00 AM,-3.24737,49.73032
134202,LBI01677/2024,St Peter Port,Unknown person,2024,SEVERN,ON1279,ALB,PEOPLE,Unknown person,Injured/ill,Rendered assistance,FAIR ,PART CLOUDY, ROUGH,180,FAIR ,PART CLOUDY, ROUGH,180,Yes,-2.20034,49.72504,2024-04-07,22:26:00,4/7/2024 9:26:00 PM,-2.20034,49.72504
134204,LBI00475/2023,St Peter Port,Unknown person,2023,SEVERN,ON1203,ALB,PEOPLE,Unknown person,Injured/ill,Rendered assistance,GOOD ,CLEAR SKIES, SMOOTH,90,GOOD ,CLEAR SKIES, SMOOTH,90,Yes,-2.19106,49.72486,2023-02-06,17:07:00,2/6/2023 5:07:00 PM,-2.19106,49.72486
134205,LBI03958/2023,St Peter Port,Unknown person,2023,SEVERN,ON1203,ALB,PEOPLE,Unknown person,Injured/ill,Rendered assistance,POOR ,FOG, SLIGHT,135,POOR ,FOG, SLIGHT,135,Yes,-2.20059,49.72469,2023-06-19,11:04:00,6/19/2023 10:04:00 AM,-2.20059,49.72469
134206,LBI02097/2024,St Peter Port,Unknown person,2024,SEVERN,ON1279,ALB,PEOPLE,Unknown person,Injured/ill,Rendered assistance,GOOD ,CLEAR SKIES, SLIGHT,,GOOD ,CLEAR SKIES, SLIGHT,NULL,Yes,-2.2006,49.72435,2024-04-24,19:14:00,4/24/2024 6:14:00 PM,-2.2006,49.72435
134207,LBI01116/2024,St Peter Port,Unknown person,2024,SEVERN,ON1279,ALB,PEOPLE,Unknown person,Injured/ill,Rendered assistance,FAIR ,CLEAR SKIES, MOD/CHOP,270,FAIR ,CLEAR SKIES, MOD/CHOP,270,Yes,-2.20063,49.72424,2024-03-11,18:48:00,3/11/2024 6:48:00 PM,-2.20063,49.72424
134210,LBI06863/2020,St Peter Port,Motorboat,2020,SEVERN,ON1203,ALB,LEISURE,Motorboat,Machinery/equipment failure,Rendered assistance,GOOD ,PART CLOUDY, SLIGHT,270,GOOD ,PART CLOUDY, SLIGHT,270,Yes,-2.88565,49.71857,2020-09-07,09:47:00,9/7/2020 8:47:00 AM,-2.88565,49.71857
134226,LBI08778/2023,St Peter Port,Motorboat,2023,SEVERN,ON1203,ALB,LEISURE,Motorboat,Machinery/equipment failure,Rendered assistance,POOR ,FOG, SLIGHT,135,POOR ,FOG, SLIGHT,135,Yes,-2.44917,49.65447,2023-10-02,13:13:00,10/2/2023 12:13:00 PM,-2.44917,49.65447
134229,LBI05813/2020,St Peter Port,Sailing vessel,2020,SEVERN,ON1203,ALB,LEISURE,Sailing vessel,Machinery/equipment failure,Rendered assistance,GOOD ,PART CLOUDY, SLIGHT,225,GOOD ,PART CLOUDY, SLIGHT,225,Yes,-2.62782,49.65107,2020-08-18,08:32:00,8/18/2020 7:32:00 AM,-2.62782,49.65107
134232,LBI02665/2022,St Peter Port,Commercial fishing,2022,SEVERN,ON1203,ALB,COMMERCIAL,Commercial fishing,Machinery/equipment failure,Rendered assistance,GOOD ,CLEAR SKIES, SLIGHT,315,GOOD ,CLEAR SKIES, SLIGHT,315,Yes,-2.75678,49.64772,2022-05-19,12:24:00,5/19/2022 11:24:00 AM,-2.75678,49.64772
134240,LBI05371/2022,St Peter Port,Sailing vessel,2022,SEVERN,ON1203,ALB,LEISURE,Sailing vessel,Machinery/equipment failure,Rendered assistance,GOOD ,CLEAR SKIES, SMOOTH,0,GOOD ,CLEAR SKIES, SMOOTH,0,Yes,-2.735,49.59533,2022-07-22,23:06:00,7/22/2022 10:06:00 PM,-2.735,49.59533
134241,LBI06579/2020,St Peter Port,Motorboat,2020,SEVERN,ON1203,ALB,LEISURE,Motorboat,Fire/explosion,Rendered assistance,GOOD ,CLEAR SKIES, SLIGHT,0,GOOD ,CLEAR SKIES, SLIGHT,0,Yes,-2.21333,49.58883,2020-08-30,17:32:00,8/30/2020 4:32:00 PM,-2.21333,49.58883
134244,LBI04474/2022,St Peter Port,Motorboat,2022,SEVERN,ON1203,ALB,LEISURE,Motorboat,Machinery/equipment failure,Rendered assistance,GOOD ,CLEAR SKIES, SLIGHT,315,GOOD ,CLEAR SKIES, SLIGHT,315,Yes,-2.291,49.57683,2022-07-07,08:25:00,7/7/2022 7:25:00 AM,-2.291,49.57683
134246,LBI03943/2022,St Peter Port,Commercial fishing,2022,SEVERN,ON1203,ALB,COMMERCIAL,Commercial fishing,Unknown craft,Rendered assistance,GOOD ,PART CLOUDY, MOD/CHOP,225,GOOD ,PART CLOUDY, MOD/CHOP,225,Yes,-3.18667,49.56,2022-06-25,03:18:00,6/25/2022 2:18:00 AM,-3.18667,49.56
134247,LBI06040/2021,St Peter Port,Motorboat,2021,SEVERN,ON1203,ALB,LEISURE,Motorboat,Machinery/equipment failure,Rendered assistance,GOOD ,CLEAR SKIES, SMOOTH,315,GOOD ,CLEAR SKIES, SMOOTH,315,Yes,-2.40998,49.55958,2021-08-14,18:43:00,8/14/2021 5:43:00 PM,-2.40998,49.55958
134248,LBI07276/2024,St Peter Port,Sailing vessel,2024,SEVERN,ON1203,ALB,LEISURE,Sailing vessel,Capsize/swamping,Rendered assistance,GOOD ,CLEAR SKIES, SMOOTH,135,GOOD ,CLEAR SKIES, SMOOTH,135,Yes,-2.13133,49.5555,2024-08-27,21:10:00,8/27/2024 8:10:00 PM,-2.13133,49.5555
134249,LBI03497/2022,St Peter Port,Kayak/canoe,2022,SEVERN,ON1203,ALB,LEISURE,Kayak/canoe,Blown/swept out to sea,Rendered assistance,GOOD ,CLEAR SKIES, SMOOTH,45,GOOD ,CLEAR SKIES, SMOOTH,45,Yes,-2.4062,49.54083,2022-06-13,19:11:00,6/13/2022 6:11:00 PM,-2.4062,49.54083
134250,LBI06493/2023,St Peter Port,Sailing vessel,2023,SEVERN,ON1203,ALB,LEISURE,Sailing vessel,Machinery/equipment failure,Rendered assistance,EXCELLENT ,PART CLOUDY, SMOOTH,,EXCELLENT ,PART CLOUDY, SMOOTH,NULL,Yes,-2.33917,49.5395,2023-08-15,17:32:00,8/15/2023 4:32:00 PM,-2.33917,49.5395
134251,LBI03848/2024,St Peter Port,Unknown Craft,2024,SEVERN,ON1203,ALB,PEOPLE,Unknown Craft,Unknown craft,Stood down,UNKNOWN,UNKNOWN,,,GOOD ,OVERCAST, MOD/CHOP,180,No,-2.42667,49.53167,2024-06-13,08:45:00,6/13/2024 7:45:00 AM,-2.42667,49.53167
134252,LBI08062/2022,St Peter Port,Motorboat,2022,SEVERN,ON1203,ALB,LEISURE,Motorboat,Machinery/equipment failure,Rendered assistance,GOOD ,PART CLOUDY, SMOOTH,90,GOOD ,PART CLOUDY, SMOOTH,90,Yes,-2.37057,49.52902,2022-09-11,20:49:00,9/11/2022 7:49:00 PM,-2.37057,49.52902
134253,LBI05685/2024,St Peter Port,Sailing vessel,2024,SEVERN,ON1203,ALB,LEISURE,Sailing vessel,Machinery/equipment failure,Rendered assistance,GOOD ,CLEAR SKIES, SMOOTH,45,GOOD ,CLEAR SKIES, SMOOTH,45,Yes,-2.58925,49.52573,2024-07-28,19:06:00,7/28/2024 6:06:00 PM,-2.58925,49.52573
134254,LBI08447/2023,St Peter Port,Motorboat,2023,SEVERN,ON1203,ALB,LEISURE,Motorboat,Machinery/equipment failure,Rendered assistance,GOOD ,PART CLOUDY, SMOOTH,135,GOOD ,PART CLOUDY, SMOOTH,135,Yes,-2.45922,49.52087,2023-09-23,12:50:00,9/23/2023 11:50:00 AM,-2.45922,49.52087
134255,LBI04048/2023,St Peter Port,Motorboat,2023,SEVERN,ON1203,ALB,LEISURE,Motorboat,Machinery/equipment failure,Rendered assistance,GOOD ,CLEAR SKIES, SLIGHT,180,GOOD ,CLEAR SKIES, SLIGHT,180,Yes,-2.19673,49.518,2023-06-21,11:18:00,6/21/2023 10:18:00 AM,-2.19673,49.518
134256,LBI01186/2020,St Peter Port,False alarm,2020,SEVERN,ON1237,ALB,PEOPLE,False alarm,False alarm,False alarm,EXCELLENT ,CLEAR SKIES, SMOOTH,135,EXCELLENT ,CLEAR SKIES, SMOOTH,135,Yes,-2.59979,49.51752,2020-04-05,05:37:00,4/5/2020 4:37:00 AM,-2.59979,49.51752
134257,LBI08878/2022,St Peter Port,Sailing vessel,2022,SEVERN,ON1203,ALB,LEISURE,Sailing vessel,Machinery/equipment failure,Rendered assistance,GOOD ,CLEAR SKIES, MOD/CHOP,45,GOOD ,CLEAR SKIES, MOD/CHOP,45,Yes,-2.41667,49.51667,2022-10-10,15:43:00,10/10/2022 2:43:00 PM,-2.41667,49.51667
134258,LBI01548/2023,St Peter Port,Motorboat,2023,SEVERN,ON1203,ALB,LEISURE,Motorboat,Unknown person,Rendered assistance,GOOD ,PART CLOUDY, SLIGHT,45,GOOD ,PART CLOUDY, SLIGHT,45,Yes,-2.40067,49.51533,2023-04-07,19:46:00,4/7/2023 6:46:00 PM,-2.40067,49.51533
134259,LBI03653/2024,St Peter Port,Sailing vessel,2024,SEVERN,ON1203,ALB,LEISURE,Sailing vessel,Machinery/equipment failure,Rendered assistance,FAIR ,CLEAR SKIES, SMOOTH,315,FAIR ,CLEAR SKIES, SMOOTH,315,Yes,-2.36733,49.5135,2024-06-09,20:23:00,6/9/2024 7:23:00 PM,-2.36733,49.5135
134260,LBI05878/2020,St Peter Port,False alarm,2020,ATLANTIC 85,B-870,ILB,PEOPLE,False alarm,False alarm,False alarm,EXCELLENT ,CLEAR SKIES, SMOOTH,180,EXCELLENT ,CLEAR SKIES, SMOOTH,180,Yes,-2.475,49.51333,2020-08-18,20:27:00,8/18/2020 7:27:00 PM,-2.475,49.51333
134261,LBI01115/2024,St Peter Port,Person ashore,2024,ATLANTIC 85,B-889,ILB,PEOPLE,Person ashore,On shore,Stood down,UNKNOWN,UNKNOWN,,,GOOD ,CLEAR SKIES, MOD/CHOP,270,No,-2.53064,49.50782,2024-03-11,19:02:00,3/11/2024 7:02:00 PM,-2.53064,49.50782
134262,LBI07021/2021,St Peter Port,Person ashore,2021,ATLANTIC 85,B-889,ILB,PEOPLE,Person ashore,On shore,Stood down,UNKNOWN,UNKNOWN,,,FAIR ,CLEAR SKIES, CALM,45,No,-2.52651,49.50498,2021-09-06,17:45:00,9/6/2021 4:45:00 PM,-2.52651,49.50498
134263,LBI01587/2024,St Peter Port,Motorboat,2024,SEVERN,ON1279,ALB,UNKNOWN,Motorboat,Machinery/equipment failure,Rendered assistance,GOOD ,PART CLOUDY, SLIGHT,90,GOOD ,PART CLOUDY, SLIGHT,90,Yes,-2.50217,49.50452,2024-03-30,12:53:00,3/30/2024 12:53:00 PM,-2.50217,49.50452
134264,LBI01589/2024,St Peter Port,Motorboat,2024,ATLANTIC 85,B-943,ILB,LEISURE,Motorboat,Machinery/equipment failure,Rendered assistance,GOOD ,PART CLOUDY, SLIGHT,90,GOOD ,PART CLOUDY, SLIGHT,90,Yes,-2.50054,49.50448,2024-03-30,13:00:00,3/30/2024 1:00:00 PM,-2.50054,49.50448
134265,LBI07480/2024,St Peter Port,False alarm,2024,ATLANTIC 85,B-943,ILB,PEOPLE,False alarm,False alarm,False alarm,GOOD ,CLEAR SKIES, CALM,,GOOD ,CLEAR SKIES, CALM,NULL,Yes,-2.54334,49.50344,2024-09-01,20:46:00,9/1/2024 7:46:00 PM,-2.54334,49.50344
134266,LBI01556/2020,St Peter Port,Person ashore,2020,SEVERN,ON1237,ALB,PEOPLE,Person ashore,On shore,Stood down,UNKNOWN,UNKNOWN,,,GOOD ,CLEAR SKIES, SMOOTH,135,No,-2.56267,49.50267,2020-05-07,19:19:00,5/7/2020 6:19:00 PM,-2.56267,49.50267
134268,LBI00921/2021,St Peter Port,Unknown Craft,2021,SEVERN,ON1203,ALB,PEOPLE,Unknown Craft,Unknown craft,Rendered assistance,GOOD ,PART CLOUDY, MOD/CHOP,180,GOOD ,PART CLOUDY, MOD/CHOP,180,Yes,-2.44833,49.50167,2021-02-23,01:37:00,2/23/2021 1:37:00 AM,-2.44833,49.50167
134269,LBI09473/2024,St Peter Port,Climber,2024,ATLANTIC 85,B-943,ILB,PEOPLE,Climber,Cut off by tide,Rendered assistance,FAIR ,CLOUDY, SLIGHT,90,FAIR ,CLOUDY, SLIGHT,90,Yes,-2.49965,49.50053,2024-11-02,15:59:00,11/2/2024 3:59:00 PM,-2.49965,49.50053
134270,LBI04818/2020,St Peter Port,Person in distress,2020,ATLANTIC 85,B-870,ILB,PEOPLE,Person in distress,Person in distress,Rendered assistance,GOOD ,CLEAR SKIES, SMOOTH,90,GOOD ,CLEAR SKIES, SMOOTH,90,Yes,-2.5,49.5,2020-07-30,12:54:00,7/30/2020 11:54:00 AM,-2.5,49.5
134271,LBI03543/2023,St Peter Port,Person in distress,2023,ATLANTIC 85,B-889,ILB,PEOPLE,Person in distress,Person in distress,Rendered assistance,NIL ,FOG, CALM,315,NIL ,FOG, CALM,315,Yes,-2.55124,49.49796,2023-06-11,02:04:00,6/11/2023 1:04:00 AM,-2.55124,49.49796
134272,LBI02100/2021,St Peter Port,Person in distress,2021,ATLANTIC 85,B-889,ILB,PEOPLE,Person in distress,Person in distress,Others assisted casualty,EXCELLENT ,CLEAR SKIES, SMOOTH,315,EXCELLENT ,CLEAR SKIES, SMOOTH,315,Yes,-2.49789,49.49562,2021-05-01,18:39:00,5/1/2021 5:39:00 PM,-2.49789,49.49562
134273,LBI03345/2022,St Peter Port,Motorboat,2022,SEVERN,ON1203,ALB,LEISURE,Motorboat,Machinery/equipment failure,Rendered assistance,GOOD ,PART CLOUDY, SLIGHT,225,GOOD ,PART CLOUDY, SLIGHT,225,Yes,-2.48763,49.49538,2022-06-10,16:10:00,6/10/2022 3:10:00 PM,-2.48763,49.49538
134274,LBI05801/2022,St Peter Port,False alarm,2022,SEVERN,ON1203,ALB,PEOPLE,False alarm,False alarm,False alarm,GOOD ,PART CLOUDY, SLIGHT,270,GOOD ,PART CLOUDY, SLIGHT,270,Yes,-2.54419,49.4927,2022-08-01,01:16:00,8/1/2022 12:16:00 AM,-2.54419,49.4927
134275,LBI05805/2022,St Peter Port,False alarm,2022,ATLANTIC 85,B-889,ILB,PEOPLE,False alarm,False alarm,False alarm,GOOD ,PART CLOUDY, SLIGHT,270,GOOD ,PART CLOUDY, SLIGHT,270,Yes,-2.54428,49.49265,2022-08-01,01:16:00,8/1/2022 12:16:00 AM,-2.54428,49.49265
134276,LBI06006/2023,St Peter Port,Tombstoner,2023,ATLANTIC 85,B-889,ILB,PEOPLE,Tombstoner,Injured/ill,Rendered assistance,FAIR ,PART CLOUDY, MOD/CHOP,315,FAIR ,PART CLOUDY, MOD/CHOP,315,Yes,-2.58717,49.49017,2023-08-03,20:05:00,8/3/2023 7:05:00 PM,-2.58717,49.49017
134277,LBI06087/2023,St Peter Port,Person in water,2023,ATLANTIC 85,B-889,ILB,PEOPLE,Person in water,In water,Stood down,UNKNOWN,UNKNOWN,,,GOOD ,PART CLOUDY, SMOOTH,270,No,-2.50743,49.49003,2023-08-07,10:55:00,8/7/2023 9:55:00 AM,-2.50743,49.49003
134278,LBI02523/2023,St Peter Port,Unknown person,2023,ATLANTIC 85,B-889,ILB,PEOPLE,Unknown person,Cut off by tide,Rendered assistance,EXCELLENT ,CLEAR SKIES, SMOOTH,0,EXCELLENT ,CLEAR SKIES, SMOOTH,0,Yes,-2.50267,49.48933,2023-05-18,18:32:00,5/18/2023 5:32:00 PM,-2.50267,49.48933
134279,LBI09387/2021,St Peter Port,Sailing vessel,2021,ATLANTIC 85,B-889,ILB,LEISURE,Sailing vessel,Machinery/equipment failure,Rendered assistance,GOOD ,CLEAR SKIES, SLIGHT,0,GOOD ,CLEAR SKIES, SLIGHT,0,Yes,-2.50033,49.48917,2021-11-20,18:53:00,11/20/2021 6:53:00 PM,-2.50033,49.48917
134280,LBI04462/2021,St Peter Port,Swimmer,2021,ATLANTIC 85,B-889,ILB,PEOPLE,Swimmer,In water,Rendered assistance,GOOD ,PART CLOUDY, SMOOTH,315,GOOD ,PART CLOUDY, SMOOTH,315,Yes,-2.5055,49.48874,2021-07-13,08:00:00,7/13/2021 7:00:00 AM,-2.5055,49.48874
134281,LBI05627/2023,St Peter Port,Sailing vessel,2023,ATLANTIC 85,B-889,ILB,LEISURE,Sailing vessel,Unknown craft,Others assisted casualty,FAIR ,CLOUDY, SLIGHT,225,FAIR ,CLOUDY, SLIGHT,225,Yes,-2.48213,49.48778,2023-07-25,22:23:00,7/25/2023 9:23:00 PM,-2.48213,49.48778
134282,LBI00954/2022,St Peter Port,Person in distress,2022,SEVERN,ON1203,ALB,PEOPLE,Person in distress,Person in distress,Others assisted casualty,FAIR ,PART CLOUDY, SLIGHT,225,FAIR ,PART CLOUDY, SLIGHT,225,Yes,-2.50701,49.48697,2022-03-08,22:55:00,3/8/2022 10:55:00 PM,-2.50701,49.48697
134283,LBI00956/2022,St Peter Port,Person in distress,2022,ATLANTIC 85,B-889,ILB,PEOPLE,Person in distress,Person in distress,Others assisted casualty,FAIR ,PART CLOUDY, SLIGHT,225,FAIR ,PART CLOUDY, SLIGHT,225,Yes,-2.5063,49.48683,2022-03-08,23:01:00,3/8/2022 11:01:00 PM,-2.5063,49.48683
134284,LBI08389/2021,St Peter Port,Motorboat,2021,ATLANTIC 85,B-889,ILB,LEISURE,Motorboat,Machinery/equipment failure,Rendered assistance,GOOD ,CLEAR SKIES, SLIGHT,180,GOOD ,CLEAR SKIES, SLIGHT,180,Yes,-2.48613,49.48473,2021-10-17,15:54:00,10/17/2021 2:54:00 PM,-2.48613,49.48473
134285,LBI00982/2020,St Peter Port,False alarm,2020,SEVERN,ON1237,ALB,PEOPLE,False alarm,False alarm,False alarm,POOR ,RAIN / HAIL, MOD/CHOP,225,POOR ,RAIN / HAIL, MOD/CHOP,225,Yes,-2.50867,49.48445,2020-03-14,23:20:00,3/14/2020 11:20:00 PM,-2.50867,49.48445
134286,LBI07431/2023,St Peter Port,Motorboat,2023,SEVERN,ON1203,ALB,LEISURE,Motorboat,Machinery/equipment failure,Rendered assistance,GOOD ,CLEAR SKIES, CALM,315,GOOD ,CLEAR SKIES, CALM,315,Yes,-2.48643,49.48433,2023-09-01,18:21:00,9/1/2023 5:21:00 PM,-2.48643,49.48433
134287,LBI00983/2020,St Peter Port,False alarm,2020,ATLANTIC 85,B-870,ILB,PEOPLE,False alarm,False alarm,False alarm,POOR ,RAIN / HAIL, MOD/CHOP,225,POOR ,RAIN / HAIL, MOD/CHOP,225,Yes,-2.50903,49.48396,2020-03-14,23:20:00,3/14/2020 11:20:00 PM,-2.50903,49.48396
134288,LBI07203/2023,St Peter Port,Motorboat,2023,SEVERN,ON1203,ALB,LEISURE,Motorboat,Machinery/equipment failure,Rendered assistance,GOOD ,PART CLOUDY, SMOOTH,45,GOOD ,PART CLOUDY, SMOOTH,45,Yes,-2.63333,49.48333,2023-08-28,10:51:00,8/28/2023 9:51:00 AM,-2.63333,49.48333
134289,LBI09313/2024,St Peter Port,Person in distress,2024,ATLANTIC 85,B-943,ILB,PEOPLE,Person in distress,Person in distress,Others assisted casualty,GOOD ,CLEAR SKIES, SMOOTH,270,GOOD ,CLEAR SKIES, SMOOTH,270,Yes,-2.51165,49.48295,2024-10-27,18:15:00,10/27/2024 6:15:00 PM,-2.51165,49.48295
134290,LBI04998/2024,St Peter Port,Swimmer,2024,SEVERN,ON1203,ALB,PEOPLE,Swimmer,Missing/overdue,Others assisted casualty,FAIR ,CLEAR SKIES, SMOOTH,225,FAIR ,CLEAR SKIES, SMOOTH,225,Yes,-2.58818,49.48285,2024-07-14,17:11:00,7/14/2024 4:11:00 PM,-2.58818,49.48285
134291,LBI05000/2024,St Peter Port,Swimmer,2024,ATLANTIC 85,B-943,ILB,PEOPLE,Swimmer,Missing/overdue,Others assisted casualty,FAIR ,CLEAR SKIES, SMOOTH,225,FAIR ,CLEAR SKIES, SMOOTH,225,Yes,-2.58818,49.48285,2024-07-14,17:01:00,7/14/2024 4:01:00 PM,-2.58818,49.48285
134292,LBI00393/2020,St Peter Port,Commercial fishing,2020,SEVERN,ON1237,ALB,COMMERCIAL,Commercial fishing,Unknown person,Others assisted casualty,GOOD ,CLEAR SKIES, SLIGHT,270,GOOD ,CLEAR SKIES, SLIGHT,270,Yes,-2.47297,49.48184,2020-01-29,12:32:00,1/29/2020 12:32:00 PM,-2.47297,49.48184
134293,LBI04846/2023,St Peter Port,Motorboat,2023,ATLANTIC 85,B-889,ILB,LEISURE,Motorboat,Machinery/equipment failure,Rendered assistance,GOOD ,PART CLOUDY, SLIGHT,,GOOD ,PART CLOUDY, SLIGHT,NULL,Yes,-2.45605,49.48183,2023-07-08,14:32:00,7/8/2023 1:32:00 PM,-2.45605,49.48183
134294,LBI05833/2021,St Peter Port,Person ashore,2021,ATLANTIC 85,B-889,ILB,PEOPLE,Person ashore,On shore,Stood down,UNKNOWN,UNKNOWN,,,GOOD ,PART CLOUDY, MOD/CHOP,270,No,-2.59595,49.48182,2021-08-09,19:15:00,8/9/2021 6:15:00 PM,-2.59595,49.48182
134295,LBI02810/2020,St Peter Port,Motorboat,2020,SEVERN,ON1237,ALB,LEISURE,Motorboat,Machinery/equipment failure,Rendered assistance,GOOD ,CLEAR SKIES, SLIGHT,315,GOOD ,CLEAR SKIES, SLIGHT,315,Yes,-2.46103,49.48115,2020-06-20,17:26:00,6/20/2020 4:26:00 PM,-2.46103,49.48115
134296,LBI07672/2024,St Peter Port,Sailing vessel,2024,SEVERN,ON1203,ALB,LEISURE,Sailing vessel,Collision,Rendered assistance,GOOD ,PART CLOUDY, SMOOTH,135,GOOD ,PART CLOUDY, SMOOTH,135,Yes,-2.44607,49.48053,2024-09-06,15:12:00,9/6/2024 2:12:00 PM,-2.44607,49.48053
134297,LBI05758/2020,St Peter Port,False alarm,2020,SEVERN,ON1203,ALB,PEOPLE,False alarm,False alarm,False alarm,EXCELLENT ,PART CLOUDY, CALM,315,EXCELLENT ,PART CLOUDY, CALM,315,Yes,-2.29983,49.47973,2020-08-15,17:20:00,8/15/2020 4:20:00 PM,-2.29983,49.47973
134298,LBI03582/2022,St Peter Port,Walker/runner,2022,ATLANTIC 85,B-889,ILB,PEOPLE,Walker/runner,Injured/ill,Rendered assistance,GOOD ,CLEAR SKIES, CALM,45,GOOD ,CLEAR SKIES, CALM,45,Yes,-2.44772,49.47793,2022-06-16,14:52:00,6/16/2022 1:52:00 PM,-2.44772,49.47793
134299,LBI04978/2021,St Peter Port,Person in water,2021,SEVERN,ON1203,ALB,PEOPLE,Person in water,In water,Stood down,UNKNOWN,UNKNOWN,,,GOOD ,CLEAR SKIES, SLIGHT,45,No,-2.60477,49.47747,2021-07-19,17:37:00,7/19/2021 4:37:00 PM,-2.60477,49.47747
134300,LBI04977/2021,St Peter Port,Person in water,2021,ATLANTIC 85,B-889,ILB,PEOPLE,Person in water,In water,Stood down,UNKNOWN,UNKNOWN,,,GOOD ,CLEAR SKIES, SLIGHT,45,No,-2.60488,49.47728,2021-07-19,17:37:00,7/19/2021 4:37:00 PM,-2.60488,49.47728
134301,LBI03874/2023,St Peter Port,Motorboat,2023,ATLANTIC 85,B-889,ILB,LEISURE,Motorboat,Machinery/equipment failure,Rendered assistance,GOOD ,CLEAR SKIES, SMOOTH,0,GOOD ,CLEAR SKIES, SMOOTH,0,Yes,-2.4665,49.47617,2023-06-15,18:38:00,6/15/2023 5:38:00 PM,-2.4665,49.47617
134302,LBI06569/2020,St Peter Port,Swimmer,2020,ATLANTIC 85,B-870,ILB,PEOPLE,Swimmer,Missing/overdue,Rendered assistance,GOOD ,CLEAR SKIES, MOD/CHOP,270,GOOD ,CLEAR SKIES, MOD/CHOP,270,Yes,-2.46817,49.47533,2020-08-28,15:25:00,8/28/2020 2:25:00 PM,-2.46817,49.47533
134303,LBI06576/2020,St Peter Port,Swimmer,2020,SEVERN,ON1203,ALB,PEOPLE,Swimmer,Missing/overdue,Others assisted casualty,GOOD ,CLEAR SKIES, MOD/CHOP,270,GOOD ,CLEAR SKIES, MOD/CHOP,270,Yes,-2.46817,49.47533,2020-08-28,15:25:00,8/28/2020 2:25:00 PM,-2.46817,49.47533
134304,LBI00514/2022,St Peter Port,Paddleboard,2022,ATLANTIC 85,B-889,ILB,LEISURE,Paddleboard,Unknown craft,Others assisted casualty,GOOD ,PART CLOUDY, SLIGHT,315,GOOD ,PART CLOUDY, SLIGHT,315,Yes,-2.48102,49.4748,2022-02-07,14:55:00,2/7/2022 2:55:00 PM,-2.48102,49.4748
134305,LBI01270/2020,St Peter Port,Waterside activity,2020,ATLANTIC 85,B-870,ILB,PEOPLE,Waterside activity,Cut off by tide,Rendered assistance,GOOD ,CLEAR SKIES, CALM,135,GOOD ,CLEAR SKIES, SMOOTH,135,Yes,-2.526,49.47446,2020-04-10,10:09:00,4/10/2020 9:09:00 AM,-2.526,49.47446
134306,LBI00299/2022,St Peter Port,Motorboat,2022,SEVERN,ON1279,ALB,LEISURE,Motorboat,Machinery/equipment failure,Rendered assistance,GOOD ,OVERCAST, SLIGHT,90,GOOD ,OVERCAST, SLIGHT,90,Yes,-2.509,49.47358,2022-01-23,10:30:00,1/23/2022 10:30:00 AM,-2.509,49.47358
134307,LBI03509/2023,St Peter Port,Unknown person,2023,SEVERN,ON1203,ALB,PEOPLE,Unknown person,Injured/ill,Rendered assistance,POOR ,OVERCAST, SMOOTH,315,POOR ,OVERCAST, SMOOTH,315,Yes,-2.45419,49.47022,2023-06-10,13:28:00,6/10/2023 12:28:00 PM,-2.45419,49.47022
134308,LBI03968/2023,St Peter Port,Unknown person,2023,SEVERN,ON1203,ALB,PEOPLE,Unknown person,Injured/ill,Rendered assistance,FAIR ,PART CLOUDY, SLIGHT,,FAIR ,PART CLOUDY, SLIGHT,NULL,Yes,-2.45417,49.47021,2023-06-17,19:15:00,6/17/2023 6:15:00 PM,-2.45417,49.47021
134309,LBI03970/2023,St Peter Port,Unknown person,2023,SEVERN,ON1203,ALB,PEOPLE,Unknown person,Injured/ill,Rendered assistance,FAIR ,PART CLOUDY, SLIGHT,,FAIR ,PART CLOUDY, SLIGHT,NULL,Yes,-2.45414,49.47017,2023-06-17,20:59:00,6/17/2023 7:59:00 PM,-2.45414,49.47017
134310,LBI04163/2023,St Peter Port,Unknown person,2023,SEVERN,ON1203,ALB,PEOPLE,Unknown person,Injured/ill,Rendered assistance,GOOD ,CLEAR SKIES, SMOOTH,225,GOOD ,CLEAR SKIES, SMOOTH,225,Yes,-2.45417,49.47017,2023-06-23,22:40:00,6/23/2023 9:40:00 PM,-2.45417,49.47017
134311,LBI02387/2023,St Peter Port,Unknown person,2023,SEVERN,ON1203,ALB,PEOPLE,Unknown person,Injured/ill,Rendered assistance,POOR ,FOG, SLIGHT,315,POOR ,FOG, SLIGHT,315,Yes,-2.45414,49.47016,2023-05-14,16:05:00,5/14/2023 3:05:00 PM,-2.45414,49.47016
134312,LBI02704/2024,St Peter Port,Unknown person,2024,SEVERN,ON1279,ALB,PEOPLE,Unknown person,Injured/ill,Rendered assistance,GOOD ,OVERCAST, MOD/CHOP,180,GOOD ,OVERCAST, MOD/CHOP,180,Yes,-2.45411,49.47015,2024-05-14,22:06:00,5/14/2024 9:06:00 PM,-2.45411,49.47015
134313,LBI00649/2024,St Peter Port,Unknown person,2024,SEVERN,ON1203,ALB,PEOPLE,Unknown person,Injured/ill,Rendered assistance,FAIR ,RAIN / HAIL, MOD/CHOP,225,FAIR ,RAIN / HAIL, MOD/CHOP,225,Yes,-2.45406,49.47014,2024-02-13,22:33:00,2/13/2024 10:33:00 PM,-2.45406,49.47014
134314,LBI01218/2023,St Peter Port,Unknown person,2023,SEVERN,ON1203,ALB,PEOPLE,Unknown person,Injured/ill,Rendered assistance,FAIR ,RAIN / HAIL, SLIGHT,225,FAIR ,RAIN / HAIL, SLIGHT,225,Yes,-2.45393,49.47007,2023-03-20,04:03:00,3/20/2023 4:03:00 AM,-2.45393,49.47007
134315,LBI02239/2024,St Peter Port,Unknown person,2024,SEVERN,ON1279,ALB,PEOPLE,Unknown person,Injured/ill,Rendered assistance,EXCELLENT ,PART CLOUDY, MOD/CHOP,270,EXCELLENT ,PART CLOUDY, MOD/CHOP,270,Yes,-2.45395,49.47007,2024-05-02,11:09:00,5/2/2024 10:09:00 AM,-2.45395,49.47007
134316,LBI07811/2023,St Peter Port,Motorboat,2023,ATLANTIC 85,B-889,ILB,LEISURE,Motorboat,Machinery/equipment failure,Rendered assistance,GOOD ,PART CLOUDY, SMOOTH,90,GOOD ,PART CLOUDY, SMOOTH,90,Yes,-2.472,49.47,2023-09-04,22:02:00,9/4/2023 9:02:00 PM,-2.472,49.47
134317,LBI05973/2022,St Peter Port,Walker/runner,2022,SEVERN,ON1203,ALB,PEOPLE,Walker/runner,Injured/ill,Rendered assistance,GOOD ,CLEAR SKIES, SLIGHT,315,GOOD ,CLEAR SKIES, SLIGHT,315,Yes,-2.45383,49.46985,2022-08-04,12:09:00,8/4/2022 11:09:00 AM,-2.45383,49.46985
134318,LBI00964/2020,St Peter Port,Person in distress,2020,SEVERN,ON1237,ALB,PEOPLE,Person in distress,Person in distress,Rendered assistance,FAIR ,RAIN / HAIL, ROUGH,270,FAIR ,RAIN / HAIL, ROUGH,270,Yes,-2.45389,49.46932,2020-03-12,09:38:00,3/12/2020 9:38:00 AM,-2.45389,49.46932
134319,LBI00225/2022,St Peter Port,Motorboat,2022,ATLANTIC 85,B-889,ILB,PEOPLE,Motorboat,Machinery/equipment failure,Rendered assistance,GOOD ,CLEAR SKIES, SMOOTH,90,GOOD ,CLEAR SKIES, SMOOTH,90,Yes,-2.41783,49.46883,2022-01-17,15:00:00,1/17/2022 3:00:00 PM,-2.41783,49.46883
134320,LBI05764/2020,St Peter Port,Other,2020,SEVERN,ON1203,ALB,PEOPLE,Other,Injured/ill,Rendered assistance,EXCELLENT ,PART CLOUDY, SMOOTH,45,EXCELLENT ,PART CLOUDY, SMOOTH,45,Yes,-2.4525,49.46883,2020-08-15,21:52:00,8/15/2020 8:52:00 PM,-2.4525,49.46883
134321,LBI08069/2021,St Peter Port,Person in water,2021,SEVERN,ON1203,ALB,PEOPLE,Person in water,In water,Stood down,UNKNOWN,UNKNOWN,,,FAIR ,CLOUDY, ROUGH,315,No,-2.61411,49.46868,2021-10-05,18:07:00,10/5/2021 5:07:00 PM,-2.61411,49.46868
134322,LBI08071/2021,St Peter Port,Person in water,2021,ATLANTIC 85,B-889,ILB,PEOPLE,Person in water,In water,Stood down,UNKNOWN,UNKNOWN,,,FAIR ,CLOUDY, ROUGH,315,No,-2.61545,49.46867,2021-10-05,18:07:00,10/5/2021 5:07:00 PM,-2.61545,49.46867
134323,LBI04258/2022,St Peter Port,Kayak/canoe,2022,ATLANTIC 85,B-889,ILB,UNKNOWN,Kayak/canoe,Blown/swept out to sea,Rendered assistance,GOOD ,CLEAR SKIES, SMOOTH,45,GOOD ,CLEAR SKIES, SLIGHT,315,Yes,-2.39673,49.46808,2022-06-13,18:48:00,6/13/2022 5:48:00 PM,-2.39673,49.46808
134324,LBI02590/2022,St Peter Port,Motorboat,2022,ATLANTIC 85,B-889,ILB,UNKNOWN,Motorboat,Machinery/equipment failure,Rendered assistance,GOOD ,PART CLOUDY, SLIGHT,180,GOOD ,PART CLOUDY, SLIGHT,180,Yes,-2.45442,49.46737,2022-05-17,00:55:00,5/16/2022 11:55:00 PM,-2.45442,49.46737
134325,LBI02585/2022,St Peter Port,Motorboat,2022,SEVERN,ON1203,ALB,LEISURE,Motorboat,Machinery/equipment failure,Rendered assistance,GOOD ,PART CLOUDY, SLIGHT,180,GOOD ,PART CLOUDY, SLIGHT,180,Yes,-2.45637,49.46676,2022-05-17,00:50:00,5/16/2022 11:50:00 PM,-2.45637,49.46676
134326,LBI03500/2020,St Peter Port,Swimmer,2020,ATLANTIC 85,B-870,ILB,PEOPLE,Swimmer,Injured/ill,Others assisted casualty,GOOD ,CLEAR SKIES, MOD/CHOP,315,GOOD ,CLEAR SKIES, MOD/CHOP,315,Yes,-2.61005,49.46637,2020-07-06,19:30:00,7/6/2020 6:30:00 PM,-2.61005,49.46637
134327,LBI03506/2020,St Peter Port,Person in water,2020,SEVERN,ON1203,ALB,PEOPLE,Person in water,In water,Stood down,UNKNOWN,UNKNOWN,,,GOOD ,CLEAR SKIES, MOD/CHOP,315,No,-2.61005,49.46637,2020-07-06,19:48:00,7/6/2020 6:48:00 PM,-2.61005,49.46637
134328,LBI03146/2023,St Peter Port,Unknown person,2023,SEVERN,ON1203,ALB,PEOPLE,Unknown person,Injured/ill,Rendered assistance,FAIR ,CLEAR SKIES, MOD/CHOP,45,FAIR ,CLEAR SKIES, MOD/CHOP,45,Yes,-2.45378,49.46615,2023-06-02,23:55:00,6/2/2023 10:55:00 PM,-2.45378,49.46615
134329,LBI01065/2022,St Peter Port,Unknown person,2022,ATLANTIC 85,B-889,ILB,PEOPLE,Unknown person,Injured/ill,Rendered assistance,GOOD ,CLEAR SKIES, SMOOTH,315,GOOD ,CLEAR SKIES, SMOOTH,315,Yes,-2.45364,49.46607,2022-03-17,12:34:00,3/17/2022 12:34:00 PM,-2.45364,49.46607
134330,LBI08944/2021,St Peter Port,Unknown person,2021,ATLANTIC 85,B-889,ILB,PEOPLE,Unknown person,Injured/ill,Others assisted casualty,GOOD ,CLEAR SKIES, SMOOTH,315,GOOD ,CLEAR SKIES, SMOOTH,315,Yes,-2.45386,49.46607,2021-11-08,02:45:00,11/8/2021 2:45:00 AM,-2.45386,49.46607
134331,LBI03401/2022,St Peter Port,Unknown person,2022,SEVERN,ON1203,ALB,PEOPLE,Unknown person,Injured/ill,Rendered assistance,EXCELLENT ,CLEAR SKIES, SLIGHT,270,EXCELLENT ,CLEAR SKIES, SLIGHT,270,Yes,-2.45371,49.46604,2022-06-12,12:57:00,6/12/2022 11:57:00 AM,-2.45371,49.46604
134332,LBI09509/2020,St Peter Port,Other,2020,SEVERN,ON1203,ALB,PEOPLE,Other,Injured/ill,Rendered assistance,GOOD ,CLEAR SKIES, ROUGH,0,GOOD ,CLEAR SKIES, ROUGH,0,Yes,-2.45344,49.46573,2020-12-24,03:00:00,12/24/2020 3:00:00 AM,-2.45344,49.46573
134333,LBI07948/2021,St Peter Port,Angler from boat,2021,SEVERN,ON1203,ALB,COMMERCIAL,Angler from boat,Machinery/equipment failure,Rendered assistance,FAIR ,CLOUDY, MOD/CHOP,225,FAIR ,CLOUDY, MOD/CHOP,225,Yes,-2.45881,49.4654,2021-09-30,13:03:00,9/30/2021 12:03:00 PM,-2.45881,49.4654
134334,LBI07292/2024,St Peter Port,Motorboat,2024,SEVERN,ON1203,ALB,LEISURE,Motorboat,Collision,Rendered assistance,GOOD ,CLEAR SKIES, SMOOTH,225,GOOD ,CLEAR SKIES, SMOOTH,225,Yes,-2.4592,49.46473,2024-08-28,11:09:00,8/28/2024 10:09:00 AM,-2.4592,49.46473
134335,LBI02241/2024,St Peter Port,Sailing vessel,2024,SEVERN,ON1279,ALB,LEISURE,Sailing vessel,Machinery/equipment failure,Rendered assistance,GOOD ,PART CLOUDY, MOD/CHOP,270,GOOD ,PART CLOUDY, MOD/CHOP,270,Yes,-2.41283,49.4645,2024-05-02,12:07:00,5/2/2024 11:07:00 AM,-2.41283,49.4645
134336,LBI04813/2023,St Peter Port,Other,2023,ATLANTIC 85,B-889,ILB,PEOPLE,Other,Injured/ill,Rendered assistance,GOOD ,CLEAR SKIES, SMOOTH,45,GOOD ,CLEAR SKIES, SMOOTH,45,Yes,-2.51274,49.46263,2023-07-06,22:40:00,7/6/2023 9:40:00 PM,-2.51274,49.46263
134337,LBI07642/2024,St Peter Port,Other,2024,ATLANTIC 85,B-943,ILB,PEOPLE,Other,Injured/ill,Rendered assistance,GOOD ,PART CLOUDY, MOD/CHOP,315,GOOD ,PART CLOUDY, MOD/CHOP,315,Yes,-2.66583,49.46037,2024-09-04,15:52:00,9/4/2024 2:52:00 PM,-2.66583,49.46037
134338,LBI07644/2024,St Peter Port,Other,2024,SEVERN,ON1203,ALB,PEOPLE,Other,Injured/ill,Others assisted casualty,GOOD ,PART CLOUDY, MOD/CHOP,315,GOOD ,PART CLOUDY, MOD/CHOP,315,Yes,-2.66583,49.46037,2024-09-04,15:44:00,9/4/2024 2:44:00 PM,-2.66583,49.46037
134339,LBI02532/2024,St Peter Port,Commercial activity,2024,SEVERN,ON1279,ALB,COMMERCIAL,Commercial activity,Unknown craft,Rendered assistance,FAIR ,CLEAR SKIES, SLIGHT,45,FAIR ,CLEAR SKIES, SLIGHT,45,Yes,-2.51347,49.45919,2024-05-10,18:57:00,5/10/2024 5:57:00 PM,-2.51347,49.45919
134340,LBI08066/2022,St Peter Port,Walker/runner,2022,SEVERN,ON1203,ALB,PEOPLE,Walker/runner,In water,Rendered assistance,GOOD ,CLEAR SKIES, SLIGHT,270,GOOD ,CLEAR SKIES, SLIGHT,270,Yes,-2.663,49.458,2022-09-11,16:51:00,9/11/2022 3:51:00 PM,-2.663,49.458
134341,LBI08072/2022,St Peter Port,Walker/runner,2022,ATLANTIC 85,B-889,ILB,PEOPLE,Walker/runner,In water,Rendered assistance,GOOD ,CLEAR SKIES, SLIGHT,270,GOOD ,CLEAR SKIES, SLIGHT,270,Yes,-2.663,49.458,2022-09-11,16:51:00,9/11/2022 3:51:00 PM,-2.663,49.458
134342,LBI06694/2020,St Peter Port,Walker/runner,2020,ATLANTIC 85,B-870,ILB,PEOPLE,Walker/runner,Cut off by tide,Rendered assistance,GOOD ,CLEAR SKIES, CALM,0,GOOD ,CLEAR SKIES, CALM,0,Yes,-2.66134,49.45793,2020-09-01,16:50:00,9/1/2020 3:50:00 PM,-2.66134,49.45793
134343,LBI00758/2020,St Peter Port,Person in distress,2020,ATLANTIC 85,B-889,ILB,PEOPLE,Person in distress,Person in distress,False alarm,GOOD ,SQUALLY, SLIGHT,225,GOOD ,RAIN / HAIL, MOD/CHOP,225,Yes,-2.53097,49.456,2020-03-01,05:05:00,3/1/2020 5:05:00 AM,-2.53097,49.456
134344,LBI03985/2022,St Peter Port,Person in water,2022,SEVERN,ON1203,ALB,PEOPLE,Person in water,In water,Stood down,UNKNOWN,UNKNOWN,,,EXCELLENT ,PART CLOUDY, SLIGHT,270,No,-2.66197,49.45589,2022-06-26,12:59:00,6/26/2022 11:59:00 AM,-2.66197,49.45589
134345,LBI08598/2023,St Peter Port,Sailing vessel,2023,SEVERN,ON1203,ALB,LEISURE,Sailing vessel,Machinery/equipment failure,Rendered assistance,POOR ,RAIN / HAIL, MOD/CHOP,180,POOR ,RAIN / HAIL, MOD/CHOP,180,Yes,-2.50685,49.45578,2023-09-27,09:28:00,9/27/2023 8:28:00 AM,-2.50685,49.45578
134346,LBI03984/2022,St Peter Port,Person in water,2022,ATLANTIC 85,B-889,ILB,PEOPLE,Person in water,In water,Stood down,UNKNOWN,UNKNOWN,,,EXCELLENT ,PART CLOUDY, SLIGHT,270,No,-2.66157,49.45578,2022-06-26,12:59:00,6/26/2022 11:59:00 AM,-2.66157,49.45578
134347,LBI00958/2022,St Peter Port,Unknown person,2022,ATLANTIC 85,B-889,ILB,PEOPLE,Unknown person,Unknown person,Others assisted casualty,FAIR ,CLOUDY, MOD/CHOP,45,FAIR ,CLOUDY, MOD/CHOP,45,Yes,-2.53269,49.45536,2022-03-06,01:16:00,3/6/2022 1:16:00 AM,-2.53269,49.45536
134348,LBI03312/2020,St Peter Port,Motorboat,2020,SEVERN,ON1237,ALB,LEISURE,Motorboat,Machinery/equipment failure,Rendered assistance,GOOD ,PART CLOUDY, SLIGHT,225,GOOD ,PART CLOUDY, SLIGHT,225,Yes,-2.51368,49.45525,2020-06-26,14:24:00,6/26/2020 1:24:00 PM,-2.51368,49.45525
134349,LBI07977/2022,St Peter Port,Person in distress,2022,ATLANTIC 85,B-889,ILB,PEOPLE,Person in distress,Person in distress,Rendered assistance,GOOD ,CLEAR SKIES, MOD/CHOP,270,GOOD ,CLEAR SKIES, MOD/CHOP,270,Yes,-2.52392,49.45501,2022-09-09,12:31:00,9/9/2022 11:31:00 AM,-2.52392,49.45501
134350,LBI06758/2020,St Peter Port,Kayak/canoe,2020,ATLANTIC 85,B-870,ILB,PEOPLE,Kayak/canoe,Unknown person,Others assisted casualty,GOOD ,CLEAR SKIES, MOD/CHOP,315,GOOD ,CLEAR SKIES, MOD/CHOP,315,Yes,-2.653,49.4546,2020-09-05,11:42:00,9/5/2020 10:42:00 AM,-2.653,49.4546
134351,LBI06753/2020,St Peter Port,Kayak/canoe,2020,SEVERN,ON1203,ALB,LEISURE,Kayak/canoe,Unknown person,Others assisted casualty,GOOD ,CLEAR SKIES, MOD/CHOP,315,GOOD ,CLEAR SKIES, MOD/CHOP,315,Yes,-2.65304,49.45428,2020-09-05,11:42:00,9/5/2020 10:42:00 AM,-2.65304,49.45428
134352,LBI07432/2023,St Peter Port,Walker/runner,2023,ATLANTIC 85,B-889,ILB,PEOPLE,Walker/runner,Cut off by tide,Rendered assistance,GOOD ,CLEAR SKIES, SMOOTH,315,GOOD ,CLEAR SKIES, SMOOTH,315,Yes,-2.64917,49.45417,2023-09-01,18:43:00,9/1/2023 5:43:00 PM,-2.64917,49.45417
134353,LBI04979/2021,St Peter Port,Person in water,2021,ATLANTIC 85,B-889,ILB,PEOPLE,Person in water,In water,Others assisted casualty,POOR ,RAIN / HAIL, MOD/CHOP,180,POOR ,RAIN / HAIL, MOD/CHOP,180,Yes,-2.52885,49.45303,2021-02-19,13:33:00,2/19/2021 1:33:00 PM,-2.52885,49.45303
134354,LBI00506/2020,St Peter Port,Person in distress,2020,ATLANTIC 85,B-889,ILB,PEOPLE,Person in distress,Person in distress,Rendered assistance,FAIR ,CLOUDY, ROUGH,225,FAIR ,CLOUDY, ROUGH,225,Yes,-2.52988,49.45297,2020-02-09,09:42:00,2/9/2020 9:42:00 AM,-2.52988,49.45297
134355,LBI00504/2020,St Peter Port,Person in distress,2020,SEVERN,ON1237,ALB,PEOPLE,Person in distress,Person in distress,Rendered assistance,FAIR ,CLOUDY, ROUGH,225,FAIR ,CLOUDY, ROUGH,225,Yes,-2.52981,49.45296,2020-02-09,09:42:00,2/9/2020 9:42:00 AM,-2.52981,49.45296
134356,LBI00401/2024,St Peter Port,Sailing vessel,2024,SEVERN,ON1203,ALB,LEISURE,Sailing vessel,Unsure of position/lost,Rendered assistance,FAIR ,RAIN / HAIL, ROUGH,225,FAIR ,RAIN / HAIL, ROUGH,225,Yes,-2.34083,49.45253,2024-01-29,20:48:00,1/29/2024 8:48:00 PM,-2.34083,49.45253
134357,LBI02684/2021,St Peter Port,Unknown Craft,2021,SEVERN,ON1203,ALB,PEOPLE,Unknown Craft,Unknown craft,Rendered assistance,GOOD ,PART CLOUDY, SLIGHT,45,GOOD ,PART CLOUDY, SLIGHT,45,Yes,-2.4965,49.45047,2021-05-29,23:42:00,5/29/2021 10:42:00 PM,-2.4965,49.45047
134358,LBI08400/2021,St Peter Port,False alarm,2021,ATLANTIC 85,B-889,ILB,PEOPLE,False alarm,False alarm,False alarm,GOOD ,CLEAR SKIES, SMOOTH,135,GOOD ,CLEAR SKIES, SMOOTH,135,Yes,-2.53441,49.45016,2021-10-16,09:00:00,10/16/2021 8:00:00 AM,-2.53441,49.45016
134360,LBI06960/2021,St Peter Port,Scuba diver,2021,SEVERN,ON1203,ALB,LEISURE,Scuba diver,In water,Rendered assistance,POOR ,FOG, CALM,,POOR ,FOG, CALM,NULL,Yes,-2.25887,49.44792,2021-09-05,11:54:00,9/5/2021 10:54:00 AM,-2.25887,49.44792
134361,LBI01647/2020,St Peter Port,Unknown person,2020,ATLANTIC 85,B-870,ILB,PEOPLE,Unknown person,Unknown person,Others assisted casualty,GOOD ,CLEAR SKIES, SLIGHT,45,GOOD ,CLEAR SKIES, SLIGHT,45,Yes,-2.52955,49.44772,2020-05-12,23:34:00,5/12/2020 10:34:00 PM,-2.52955,49.44772
134362,LBI01642/2020,St Peter Port,Person in distress,2020,SEVERN,ON1237,ALB,PEOPLE,Person in distress,Person in distress,Others assisted casualty,GOOD ,CLEAR SKIES, SLIGHT,45,GOOD ,CLEAR SKIES, SLIGHT,45,Yes,-2.52965,49.44771,2020-05-12,23:34:00,5/12/2020 10:34:00 PM,-2.52965,49.44771
134363,LBI10155/2023,St Peter Port,Person in distress,2023,SEVERN,ON1203,ALB,PEOPLE,Person in distress,Person in distress,Others assisted casualty,FAIR ,RAIN / HAIL, MOD/CHOP,180,FAIR ,RAIN / HAIL, MOD/CHOP,180,Yes,-2.52943,49.44588,2023-12-02,21:54:00,12/2/2023 9:54:00 PM,-2.52943,49.44588
134364,LBI07844/2021,St Peter Port,Person in water,2021,ATLANTIC 85,B-889,ILB,PEOPLE,Person in water,In water,Rendered assistance,FAIR ,PART CLOUDY, MOD/CHOP,225,FAIR ,PART CLOUDY, MOD/CHOP,225,Yes,-2.52934,49.44586,2021-09-27,22:23:00,9/27/2021 9:23:00 PM,-2.52934,49.44586
134365,LBI07843/2021,St Peter Port,Other,2021,SEVERN,ON1203,ALB,PEOPLE,Other,Other,Rendered assistance,FAIR ,PART CLOUDY, MOD/CHOP,225,FAIR ,PART CLOUDY, MOD/CHOP,225,Yes,-2.52926,49.44581,2021-09-27,22:23:00,9/27/2021 9:23:00 PM,-2.52926,49.44581
134366,LBI02103/2021,St Peter Port,Person in distress,2021,ATLANTIC 85,B-889,ILB,PEOPLE,Person in distress,Person in distress,Rendered assistance,GOOD ,CLEAR SKIES, CALM,0,GOOD ,CLEAR SKIES, CALM,0,Yes,-2.52984,49.44577,2021-04-29,19:32:00,4/29/2021 6:32:00 PM,-2.52984,49.44577
134367,LBI02102/2021,St Peter Port,Person in distress,2021,SEVERN,ON1203,ALB,PEOPLE,Person in distress,Person in distress,Rendered assistance,GOOD ,CLEAR SKIES, CALM,0,GOOD ,CLEAR SKIES, CALM,0,Yes,-2.52986,49.44567,2021-04-29,19:32:00,4/29/2021 6:32:00 PM,-2.52986,49.44567
134368,LBI05175/2021,St Peter Port,Sailing vessel,2021,SEVERN,ON1203,ALB,LEISURE,Sailing vessel,Machinery/equipment failure,Rendered assistance,POOR ,CLOUDY, MOD/CHOP,270,POOR ,CLOUDY, MOD/CHOP,270,Yes,-2.40567,49.4445,2021-07-26,20:58:00,7/26/2021 7:58:00 PM,-2.40567,49.4445
134369,LBI00988/2022,St Peter Port,Walker/runner,2022,ATLANTIC 85,B-889,ILB,PEOPLE,Walker/runner,Unknown person,Rendered assistance,GOOD ,PART CLOUDY, MOD/CHOP,180,GOOD ,PART CLOUDY, MOD/CHOP,180,Yes,-2.53317,49.44303,2022-03-13,10:12:00,3/13/2022 10:12:00 AM,-2.53317,49.44303
134370,LBI02137/2023,St Peter Port,Walker/runner,2023,ATLANTIC 85,B-889,ILB,PEOPLE,Walker/runner,Cut off by tide,Rendered assistance,GOOD ,CLEAR SKIES, SMOOTH,270,GOOD ,CLEAR SKIES, SMOOTH,270,Yes,-2.5333,49.44236,2023-05-06,17:09:00,5/6/2023 4:09:00 PM,-2.5333,49.44236
134372,LBI06962/2021,St Peter Port,Person in distress,2021,SEVERN,ON1203,ALB,PEOPLE,Person in distress,Person in distress,Others assisted casualty,POOR ,FOG, CALM,,POOR ,FOG, CALM,NULL,Yes,-2.67161,49.43737,2021-09-05,13:05:00,9/5/2021 12:05:00 PM,-2.67161,49.43737
134373,LBI07003/2020,St Peter Port,Person ashore,2020,ATLANTIC 85,B-870,ILB,PEOPLE,Person ashore,On shore,Others assisted casualty,GOOD ,CLEAR SKIES, SLIGHT,270,GOOD ,CLEAR SKIES, SLIGHT,270,Yes,-2.5268,49.43655,2020-09-09,21:21:00,9/9/2020 8:21:00 PM,-2.5268,49.43655
134374,LBI07000/2020,St Peter Port,Person ashore,2020,SEVERN,ON1203,ALB,PEOPLE,Person ashore,On shore,Others assisted casualty,GOOD ,CLEAR SKIES, SLIGHT,270,GOOD ,CLEAR SKIES, SLIGHT,270,Yes,-2.52899,49.436,2020-09-09,21:21:00,9/9/2020 8:21:00 PM,-2.52899,49.436
134375,LBI04182/2020,St Peter Port,Other,2020,SEVERN,ON1203,ALB,PEOPLE,Other,Other,Stood down,GOOD ,CLEAR SKIES, SMOOTH,315,GOOD ,CLEAR SKIES, SMOOTH,315,Yes,-2.54997,49.43515,2020-07-23,12:04:00,7/23/2020 11:04:00 AM,-2.54997,49.43515
134376,LBI04187/2020,St Peter Port,Other,2020,ATLANTIC 85,B-870,ILB,PEOPLE,Other,Other,Stood down,GOOD ,CLEAR SKIES, SMOOTH,315,GOOD ,CLEAR SKIES, SMOOTH,315,Yes,-2.54997,49.43515,2020-07-23,12:04:00,7/23/2020 11:04:00 AM,-2.54997,49.43515
134377,LBI05621/2023,St Peter Port,Other,2023,ATLANTIC 85,B-889,ILB,PEOPLE,Other,Other,Others assisted casualty,GOOD ,CLEAR SKIES, SMOOTH,270,GOOD ,CLEAR SKIES, SMOOTH,270,Yes,-2.53491,49.43469,2023-07-25,17:50:00,7/25/2023 4:50:00 PM,-2.53491,49.43469
134378,LBI03742/2020,St Peter Port,Unknown person,2020,SEVERN,ON1203,ALB,PEOPLE,Unknown person,Unknown person,Rendered assistance,GOOD ,CLEAR SKIES, SLIGHT,45,GOOD ,CLEAR SKIES, SLIGHT,45,Yes,-2.3428,49.43268,2020-07-11,01:03:00,7/11/2020 12:03:00 AM,-2.3428,49.43268
134379,LBI01331/2023,St Peter Port,Unknown person,2023,SEVERN,ON1203,ALB,PEOPLE,Unknown person,Injured/ill,Rendered assistance,FAIR ,RAIN / HAIL, SLIGHT,180,FAIR ,RAIN / HAIL, SLIGHT,180,Yes,-2.343,49.43267,2023-03-29,08:20:00,3/29/2023 7:20:00 AM,-2.343,49.43267
134380,LBI02437/2024,St Peter Port,Unknown person,2024,SEVERN,ON1279,ALB,PEOPLE,Unknown person,Injured/ill,Rendered assistance,FAIR ,CLEAR SKIES, SMOOTH,90,FAIR ,CLEAR SKIES, SMOOTH,90,Yes,-2.34278,49.43262,2024-05-08,09:58:00,5/8/2024 8:58:00 AM,-2.34278,49.43262
134381,LBI05468/2023,St Peter Port,Unknown person,2023,SEVERN,ON1203,ALB,PEOPLE,Unknown person,Injured/ill,Rendered assistance,GOOD ,OVERCAST, MOD/CHOP,225,GOOD ,OVERCAST, MOD/CHOP,225,Yes,-2.34279,49.43261,2023-07-23,11:01:00,7/23/2023 10:01:00 AM,-2.34279,49.43261
134382,LBI09178/2021,St Peter Port,Other,2021,SEVERN,ON1203,ALB,PEOPLE,Other,Injured/ill,Rendered assistance,GOOD ,OVERCAST, SMOOTH,45,GOOD ,OVERCAST, SMOOTH,45,Yes,-2.34305,49.43261,2021-11-15,14:42:00,11/15/2021 2:42:00 PM,-2.34305,49.43261
134383,LBI00760/2023,St Peter Port,Unknown person,2023,SEVERN,ON1203,ALB,PEOPLE,Unknown person,Injured/ill,Rendered assistance,FAIR ,SQUALLY, MOD/CHOP,225,FAIR ,SQUALLY, MOD/CHOP,225,Yes,-2.343,49.4326,2023-02-02,09:43:00,2/2/2023 9:43:00 AM,-2.343,49.4326
134384,LBI00237/2020,St Peter Port,Unknown person,2020,SEVERN,ON1237,ALB,PEOPLE,Unknown person,Unknown person,Rendered assistance,GOOD ,CLEAR SKIES, SMOOTH,45,GOOD ,CLEAR SKIES, SMOOTH,45,Yes,-2.34304,49.4326,2020-01-19,15:03:00,1/19/2020 3:03:00 PM,-2.34304,49.4326
134385,LBI02156/2024,St Peter Port,Unknown person,2024,SEVERN,ON1279,ALB,PEOPLE,Unknown person,Unknown person,Rendered assistance,FAIR ,RAIN / HAIL, SLIGHT,270,FAIR ,RAIN / HAIL, SLIGHT,270,Yes,-2.34276,49.43259,2024-04-28,06:20:00,4/28/2024 5:20:00 AM,-2.34276,49.43259
134386,LBI06576/2022,St Peter Port,Unknown person,2022,SEVERN,ON1203,ALB,PEOPLE,Unknown person,Unknown person,Rendered assistance,FAIR ,CLOUDY, MOD/CHOP,225,FAIR ,CLOUDY, MOD/CHOP,225,Yes,-2.34299,49.43259,2022-08-14,16:06:00,8/14/2022 3:06:00 PM,-2.34299,49.43259
134387,LBI00240/2020,St Peter Port,Other,2020,SEVERN,ON1237,ALB,PEOPLE,Other,Injured/ill,Rendered assistance,GOOD ,PART CLOUDY, SMOOTH,0,GOOD ,SQUALLY, MOD/CHOP,225,Yes,-2.343,49.43259,2020-01-11,11:56:00,1/11/2020 11:56:00 AM,-2.343,49.43259
134388,LBI04270/2023,St Peter Port,Waterside activity,2023,SEVERN,ON1203,ALB,PEOPLE,Waterside activity,Fell/jumped from height,Rendered assistance,EXCELLENT ,CLEAR SKIES, MOD/CHOP,270,EXCELLENT ,CLEAR SKIES, MOD/CHOP,270,Yes,-2.34284,49.43258,2023-06-25,09:20:00,6/25/2023 8:20:00 AM,-2.34284,49.43258
134389,LBI01219/2023,St Peter Port,Unknown person,2023,SEVERN,ON1203,ALB,PEOPLE,Unknown person,Injured/ill,Rendered assistance,FAIR ,RAIN / HAIL, MOD/CHOP,180,FAIR ,RAIN / HAIL, MOD/CHOP,180,Yes,-2.34296,49.43258,2023-03-27,22:25:00,3/27/2023 9:25:00 PM,-2.34296,49.43258
134390,LBI07753/2020,St Peter Port,Unknown person,2020,SEVERN,ON1203,ALB,PEOPLE,Unknown person,Injured/ill,Rendered assistance,EXCELLENT ,PART CLOUDY, SLIGHT,270,EXCELLENT ,PART CLOUDY, SLIGHT,270,Yes,-2.343,49.43258,2020-09-29,13:05:00,9/29/2020 12:05:00 PM,-2.343,49.43258
134391,LBI07838/2023,St Peter Port,Unknown person,2023,SEVERN,ON1203,ALB,PEOPLE,Unknown person,Injured/ill,Rendered assistance,GOOD ,CLEAR SKIES, SMOOTH,135,GOOD ,CLEAR SKIES, SMOOTH,135,Yes,-2.34278,49.43255,2023-09-09,13:06:00,9/9/2023 12:06:00 PM,-2.34278,49.43255
134392,LBI04032/2023,St Peter Port,Unknown person,2023,SEVERN,ON1203,ALB,PEOPLE,Unknown person,Injured/ill,Rendered assistance,GOOD ,CLEAR SKIES, SLIGHT,270,GOOD ,CLEAR SKIES, SLIGHT,270,Yes,-2.34275,49.43252,2023-06-20,18:40:00,6/20/2023 5:40:00 PM,-2.34275,49.43252
134393,LBI04437/2023,St Peter Port,Unknown person,2023,SEVERN,ON1203,ALB,PEOPLE,Unknown person,Injured/ill,Rendered assistance,FAIR ,PART CLOUDY, SLIGHT,225,FAIR ,PART CLOUDY, SLIGHT,225,Yes,-2.34275,49.43252,2023-06-28,20:39:00,6/28/2023 7:39:00 PM,-2.34275,49.43252
134394,LBI02202/2021,St Peter Port,Walker/runner,2021,SEVERN,ON1203,ALB,PEOPLE,Walker/runner,Injured/ill,Rendered assistance,GOOD ,OVERCAST, MOD/CHOP,180,GOOD ,OVERCAST, MOD/CHOP,180,Yes,-2.34313,49.43252,2021-05-08,15:09:00,5/8/2021 2:09:00 PM,-2.34313,49.43252
134395,LBI08895/2023,St Peter Port,Sailing vessel,2023,SEVERN,ON1203,ALB,LEISURE,Sailing vessel,Machinery/equipment failure,Rendered assistance,GOOD ,CLEAR SKIES, CALM,,GOOD ,CLEAR SKIES, CALM,NULL,Yes,-2.52704,49.43252,2023-10-08,19:49:00,10/8/2023 6:49:00 PM,-2.52704,49.43252
134396,LBI03956/2023,St Peter Port,Unknown person,2023,SEVERN,ON1203,ALB,PEOPLE,Unknown person,Injured/ill,Rendered assistance,POOR ,FOG, SLIGHT,180,POOR ,FOG, SLIGHT,180,Yes,-2.34274,49.43251,2023-06-19,00:30:00,6/18/2023 11:30:00 PM,-2.34274,49.43251
134397,LBI03634/2023,St Peter Port,Unknown person,2023,SEVERN,ON1203,ALB,PEOPLE,Unknown person,Injured/ill,Rendered assistance,POOR ,FOG, SMOOTH,315,POOR ,FOG, SMOOTH,315,Yes,-2.34274,49.43248,2023-06-12,11:48:00,6/12/2023 10:48:00 AM,-2.34274,49.43248
134398,LBI05489/2023,St Peter Port,Unknown person,2023,SEVERN,ON1203,ALB,PEOPLE,Unknown person,Injured/ill,Rendered assistance,GOOD ,PART CLOUDY, SLIGHT,225,GOOD ,PART CLOUDY, SLIGHT,225,Yes,-2.34273,49.43246,2023-07-23,15:07:00,7/23/2023 2:07:00 PM,-2.34273,49.43246
134399,LBI00613/2024,St Peter Port,Unknown person,2024,SEVERN,ON1203,ALB,PEOPLE,Unknown person,Injured/ill,Rendered assistance,FAIR ,RAIN / HAIL, MOD/CHOP,225,FAIR ,RAIN / HAIL, MOD/CHOP,225,Yes,-2.34277,49.43244,2024-02-11,21:49:00,2/11/2024 9:49:00 PM,-2.34277,49.43244
134400,LBI00070/2021,St Peter Port,Other,2021,ATLANTIC 85,B-889,ILB,PEOPLE,Other,Other,Rendered assistance,FAIR ,RAIN / HAIL, CALM,45,FAIR ,RAIN / HAIL, CALM,45,Yes,-2.53353,49.43241,2021-01-07,05:49:00,1/7/2021 5:49:00 AM,-2.53353,49.43241
134401,LBI00758/2023,St Peter Port,Unknown person,2023,SEVERN,ON1203,ALB,PEOPLE,Unknown person,Injured/ill,Rendered assistance,GOOD ,PART CLOUDY, SLIGHT,0,GOOD ,PART CLOUDY, SLIGHT,0,Yes,-2.343,49.43239,2023-02-24,15:07:00,2/24/2023 3:07:00 PM,-2.343,49.43239
134402,LBI00069/2021,St Peter Port,Other,2021,SEVERN,ON1203,ALB,PEOPLE,Other,Other,Rendered assistance,FAIR ,RAIN / HAIL, CALM,45,FAIR ,RAIN / HAIL, CALM,45,Yes,-2.53366,49.4323,2021-01-07,05:49:00,1/7/2021 5:49:00 AM,-2.53366,49.4323
134404,LBI01274/2020,St Peter Port,Unknown person,2020,SEVERN,ON1237,ALB,PEOPLE,Unknown person,Injured/ill,Rendered assistance,FAIR ,CLEAR SKIES, ROUGH,45,FAIR ,CLEAR SKIES, ROUGH,45,Yes,-2.34406,49.43184,2020-04-14,00:42:00,4/13/2020 11:42:00 PM,-2.34406,49.43184
134405,LBI02916/2023,St Peter Port,Unknown person,2023,SEVERN,ON1203,ALB,PEOPLE,Unknown person,Injured/ill,Rendered assistance,GOOD ,PART CLOUDY, SMOOTH,45,GOOD ,PART CLOUDY, SMOOTH,45,Yes,-2.34224,49.43165,2023-05-19,21:51:00,5/19/2023 8:51:00 PM,-2.34224,49.43165
134406,LBI01819/2023,St Peter Port,Unknown person,2023,SEVERN,ON1203,ALB,PEOPLE,Unknown person,Injured/ill,Rendered assistance,GOOD ,PART CLOUDY, SLIGHT,135,GOOD ,PART CLOUDY, SLIGHT,135,Yes,-2.33333,49.43,2023-04-09,12:01:00,4/9/2023 11:01:00 AM,-2.33333,49.43
134408,LBI04948/2023,St Peter Port,Unknown person,2023,SEVERN,ON1203,ALB,PEOPLE,Unknown person,Injured/ill,Rendered assistance,EXCELLENT ,PART CLOUDY, SLIGHT,180,EXCELLENT ,PART CLOUDY, SLIGHT,180,Yes,-2.3446,49.42802,2023-07-10,18:09:00,7/10/2023 5:09:00 PM,-2.3446,49.42802
134409,LBI07659/2022,St Peter Port,Waterside activity,2022,ATLANTIC 85,B-889,ILB,PEOPLE,Waterside activity,Missing/overdue,Others assisted casualty,GOOD ,PART CLOUDY, SMOOTH,225,GOOD ,PART CLOUDY, SMOOTH,225,Yes,-2.54652,49.42716,2022-09-02,17:19:00,9/2/2022 4:19:00 PM,-2.54652,49.42716
134410,LBI07670/2022,St Peter Port,Waterside activity,2022,SEVERN,ON1203,ALB,PEOPLE,Waterside activity,Missing/overdue,Others assisted casualty,GOOD ,PART CLOUDY, SMOOTH,225,GOOD ,PART CLOUDY, SMOOTH,315,No,-2.54668,49.42691,2022-09-02,17:43:00,9/2/2022 4:43:00 PM,-2.54668,49.42691
134411,LBI09289/2022,St Peter Port,Climber,2022,SEVERN,ON1203,ALB,PEOPLE,Climber,Trapped/stuck,Rendered assistance,GOOD ,PART CLOUDY, MOD/CHOP,225,GOOD ,PART CLOUDY, MOD/CHOP,225,Yes,-2.54317,49.42617,2022-10-26,15:58:00,10/26/2022 2:58:00 PM,-2.54317,49.42617
134412,LBI01185/2024,St Peter Port,Person in distress,2024,ATLANTIC 85,B-889,ILB,PEOPLE,Person in distress,Person in distress,Rendered assistance,FAIR ,PART CLOUDY, MOD/CHOP,180,FAIR ,PART CLOUDY, MOD/CHOP,180,Yes,-2.53818,49.4259,2024-03-14,15:37:00,3/14/2024 3:37:00 PM,-2.53818,49.4259
134413,LBI01184/2024,St Peter Port,Person in distress,2024,SEVERN,ON1279,ALB,PEOPLE,Person in distress,Person in distress,Rendered assistance,FAIR ,PART CLOUDY, MOD/CHOP,180,FAIR ,PART CLOUDY, MOD/CHOP,180,Yes,-2.53823,49.42587,2024-03-14,15:44:00,3/14/2024 3:44:00 PM,-2.53823,49.42587
134414,LBI07236/2021,St Peter Port,Climber,2021,SEVERN,ON1203,ALB,PEOPLE,Climber,Fell/jumped from height,Rendered assistance,GOOD ,PART CLOUDY, SMOOTH,270,GOOD ,PART CLOUDY, SMOOTH,270,Yes,-2.57034,49.42414,2021-09-11,17:11:00,9/11/2021 4:11:00 PM,-2.57034,49.42414
134415,LBI07381/2021,St Peter Port,Climber,2021,ATLANTIC 85,B-889,ILB,PEOPLE,Climber,Fell/jumped from height,Rendered assistance,GOOD ,PART CLOUDY, SMOOTH,270,GOOD ,PART CLOUDY, SLIGHT,270,Yes,-2.57097,49.4237,2021-09-11,17:11:00,9/11/2021 4:11:00 PM,-2.57097,49.4237
134416,LBI09025/2020,St Peter Port,Unknown person,2020,ATLANTIC 85,B-870,ILB,PEOPLE,Unknown person,Missing/overdue,Unsuccessful search,GOOD ,PART CLOUDY, SLIGHT,45,FAIR ,PART CLOUDY, SLIGHT,45,Yes,-2.58036,49.4237,2020-11-26,01:25:00,11/26/2020 1:25:00 AM,-2.58036,49.4237
134417,LBI03288/2023,St Peter Port,Animal (dog),2023,ATLANTIC 85,B-889,ILB,PEOPLE,Animal (dog),Other,Rendered assistance,FAIR ,CLEAR SKIES, MOD/CHOP,45,FAIR ,CLEAR SKIES, MOD/CHOP,45,Yes,-2.56646,49.42323,2023-06-05,11:19:00,6/5/2023 10:19:00 AM,-2.56646,49.42323
134418,LBI09024/2020,St Peter Port,Unknown person,2020,SEVERN,ON1203,ALB,PEOPLE,Unknown person,Missing/overdue,Unsuccessful search,GOOD ,PART CLOUDY, SLIGHT,45,GOOD ,PART CLOUDY, SLIGHT,45,Yes,-2.58014,49.42317,2020-11-26,01:25:00,11/26/2020 1:25:00 AM,-2.58014,49.42317
134419,LBI01177/2022,St Peter Port,Motorboat,2022,SEVERN,ON1203,ALB,UNKNOWN,Motorboat,Unknown person,Stood down,FAIR ,CLEAR SKIES, MOD/CHOP,90,GOOD ,CLEAR SKIES, SLIGHT,90,No,-2.53087,49.42313,2022-03-20,20:07:00,3/20/2022 8:07:00 PM,-2.53087,49.42313
134420,LBI01174/2022,St Peter Port,Person in distress,2022,ATLANTIC 85,B-889,ILB,PEOPLE,Person in distress,Person in distress,Others assisted casualty,GOOD ,CLEAR SKIES, SLIGHT,90,GOOD ,CLEAR SKIES, SLIGHT,90,Yes,-2.53098,49.42311,2022-03-20,19:54:00,3/20/2022 7:54:00 PM,-2.53098,49.42311
134421,LBI07347/2021,St Peter Port,Unknown person,2021,SEVERN,ON1203,ALB,PEOPLE,Unknown person,Injured/ill,Rendered assistance,GOOD ,PART CLOUDY, SMOOTH,90,GOOD ,PART CLOUDY, SMOOTH,90,Yes,-2.35785,49.42303,2021-09-13,17:22:00,9/13/2021 4:22:00 PM,-2.35785,49.42303
134422,LBI03266/2023,St Peter Port,Animal (dog),2023,ATLANTIC 85,B-889,ILB,PEOPLE,Animal (dog),Other,Unsuccessful search,EXCELLENT ,PART CLOUDY, MOD/CHOP,45,EXCELLENT ,PART CLOUDY, MOD/CHOP,45,Yes,-2.56783,49.42283,2023-06-04,20:22:00,6/4/2023 7:22:00 PM,-2.56783,49.42283
134423,LBI05831/2021,St Peter Port,Motorboat,2021,SEVERN,ON1203,ALB,LEISURE,Motorboat,Injured/ill,Rendered assistance,FAIR ,RAIN / HAIL, ROUGH,270,FAIR ,RAIN / HAIL, ROUGH,270,Yes,-2.91742,49.42257,2021-08-08,23:41:00,8/8/2021 10:41:00 PM,-2.91742,49.42257
134424,LBI02811/2020,St Peter Port,Unknown person,2020,ATLANTIC 85,B-870,ILB,PEOPLE,Unknown person,Fell/jumped from height,Rendered assistance,GOOD ,CLEAR SKIES, SMOOTH,315,GOOD ,CLEAR SKIES, SMOOTH,315,Yes,-2.555,49.42167,2020-06-20,17:10:00,6/20/2020 4:10:00 PM,-2.555,49.42167
134425,LBI02821/2020,St Peter Port,Person in water,2020,SEVERN,ON1237,ALB,PEOPLE,Person in water,In water,Others assisted casualty,UNKNOWN,UNKNOWN,,,GOOD ,CLEAR SKIES, SMOOTH,315,No,-2.555,49.42167,2020-06-20,17:10:00,6/20/2020 4:10:00 PM,-2.555,49.42167
134426,LBI05054/2022,St Peter Port,Person ashore,2022,ATLANTIC 85,B-889,ILB,PEOPLE,Person ashore,On shore,Others assisted casualty,EXCELLENT ,CLEAR SKIES, SMOOTH,90,EXCELLENT ,CLEAR SKIES, SLIGHT,90,Yes,-2.52797,49.42155,2022-07-18,15:12:00,7/18/2022 2:12:00 PM,-2.52797,49.42155
134427,LBI05042/2022,St Peter Port,Person ashore,2022,SEVERN,ON1203,ALB,PEOPLE,Person ashore,On shore,Others assisted casualty,EXCELLENT ,CLEAR SKIES, SMOOTH,90,EXCELLENT ,CLEAR SKIES, SMOOTH,90,Yes,-2.52806,49.42153,2022-07-18,15:09:00,7/18/2022 2:09:00 PM,-2.52806,49.42153
134428,LBI01226/2024,St Peter Port,Motorboat,2024,SEVERN,ON1279,ALB,LEISURE,Motorboat,Machinery/equipment failure,Rendered assistance,FAIR ,OVERCAST, MOD/CHOP,225,FAIR ,OVERCAST, MOD/CHOP,225,Yes,-2.38733,49.42133,2024-03-17,15:50:00,3/17/2024 3:50:00 PM,-2.38733,49.42133
134429,LBI00064/2022,St Peter Port,Motorboat,2022,ATLANTIC 85,B-889,ILB,LEISURE,Motorboat,Machinery/equipment failure,Rendered assistance,GOOD ,CLOUDY, SLIGHT,315,GOOD ,CLOUDY, SLIGHT,315,Yes,-2.44548,49.42098,2022-01-05,17:53:00,1/5/2022 5:53:00 PM,-2.44548,49.42098
134430,LBI04973/2021,St Peter Port,Person ashore,2021,ATLANTIC 85,B-889,ILB,PEOPLE,Person ashore,On shore,Stood down,UNKNOWN,UNKNOWN,,,FAIR ,PART CLOUDY, MOD/CHOP,45,No,-2.56685,49.42094,2021-07-23,14:08:00,7/23/2021 1:08:00 PM,-2.56685,49.42094
134431,LBI06029/2021,St Peter Port,Kayak/canoe,2021,SEVERN,ON1203,ALB,LEISURE,Kayak/canoe,Man overboard,Rendered assistance,FAIR ,CLEAR SKIES, SLIGHT,180,FAIR ,CLEAR SKIES, SLIGHT,180,Yes,-2.5817,49.42086,2021-08-14,11:53:00,8/14/2021 10:53:00 AM,-2.5817,49.42086
134432,LBI06036/2021,St Peter Port,Kayak/canoe,2021,ATLANTIC 85,B-889,ILB,LEISURE,Kayak/canoe,Man overboard,Rendered assistance,FAIR ,CLEAR SKIES, SLIGHT,180,FAIR ,CLEAR SKIES, SLIGHT,180,Yes,-2.58161,49.4208,2021-08-14,11:53:00,8/14/2021 10:53:00 AM,-2.58161,49.4208
134433,LBI07381/2022,St Peter Port,Climber,2022,ATLANTIC 85,B-889,ILB,PEOPLE,Climber,Cut off by tide,Rendered assistance,GOOD ,PART CLOUDY, SLIGHT,45,GOOD ,PART CLOUDY, SLIGHT,45,Yes,-2.5405,49.4205,2022-08-28,19:01:00,8/28/2022 6:01:00 PM,-2.5405,49.4205
134434,LBI01738/2020,St Peter Port,Person in distress,2020,SEVERN,ON1237,ALB,PEOPLE,Person in distress,Person in distress,Rendered assistance,GOOD ,CLEAR SKIES, SLIGHT,315,GOOD ,CLEAR SKIES, SLIGHT,315,Yes,-2.53563,49.42009,2020-05-19,14:30:00,5/19/2020 1:30:00 PM,-2.53563,49.42009
134435,LBI01743/2020,St Peter Port,Person in distress,2020,ATLANTIC 85,B-870,ILB,PEOPLE,Person in distress,Person in distress,Rendered assistance,GOOD ,CLEAR SKIES, SLIGHT,315,GOOD ,CLEAR SKIES, SLIGHT,315,Yes,-2.53566,49.42004,2020-05-19,14:24:00,5/19/2020 1:24:00 PM,-2.53566,49.42004
134436,LBI08123/2021,St Peter Port,Swimmer,2021,SEVERN,ON1203,ALB,LEISURE,Swimmer,Injured/ill,Rendered assistance,FAIR ,OVERCAST, SLIGHT,45,FAIR ,OVERCAST, SLIGHT,45,Yes,-2.40333,49.42,2021-10-07,17:58:00,10/7/2021 4:58:00 PM,-2.40333,49.42
134437,LBI05239/2020,St Peter Port,Climber,2020,SEVERN,ON1203,ALB,PEOPLE,Climber,Fell/jumped from height,Rendered assistance,FAIR ,PART CLOUDY, SLIGHT,0,FAIR ,PART CLOUDY, SLIGHT,0,Yes,-2.595,49.42,2020-08-09,15:30:00,8/9/2020 2:30:00 PM,-2.595,49.42
134438,LBI05242/2020,St Peter Port,Climber,2020,ATLANTIC 85,B-870,ILB,PEOPLE,Climber,Fell/jumped from height,Rendered assistance,FAIR ,PART CLOUDY, SLIGHT,0,FAIR ,PART CLOUDY, SLIGHT,0,Yes,-2.595,49.42,2020-08-09,15:30:00,8/9/2020 2:30:00 PM,-2.595,49.42
134439,LBI01325/2022,St Peter Port,False alarm,2022,ATLANTIC 85,B-889,ILB,PEOPLE,False alarm,False alarm,False alarm,FAIR ,OVERCAST, SLIGHT,90,FAIR ,OVERCAST, SLIGHT,45,Yes,-2.59742,49.41906,2022-03-27,12:55:00,3/27/2022 11:55:00 AM,-2.59742,49.41906
134440,LBI01323/2022,St Peter Port,False alarm,2022,SEVERN,ON1203,ALB,PEOPLE,False alarm,False alarm,False alarm,FAIR ,OVERCAST, SLIGHT,90,FAIR ,OVERCAST, SLIGHT,90,Yes,-2.59558,49.41862,2022-03-27,12:55:00,3/27/2022 11:55:00 AM,-2.59558,49.41862
134441,LBI07052/2024,St Peter Port,Rowing boat,2024,ATLANTIC 85,B-943,ILB,LEISURE,Rowing boat,Unknown craft,False alarm,GOOD ,PART CLOUDY, MOD/CHOP,225,GOOD ,PART CLOUDY, MOD/CHOP,225,Yes,-2.59436,49.41794,2024-08-23,16:28:00,8/23/2024 3:28:00 PM,-2.59436,49.41794
134442,LBI00949/2021,St Peter Port,Walker/runner,2021,SEVERN,ON1269,ALB,PEOPLE,Walker/runner,Fell/jumped from height,Rendered assistance,GOOD ,CLEAR SKIES, SLIGHT,315,GOOD ,CLEAR SKIES, SLIGHT,315,Yes,-2.56285,49.41752,2021-03-16,15:57:00,3/16/2021 3:57:00 PM,-2.56285,49.41752
134443,LBI00951/2021,St Peter Port,Walker/runner,2021,ATLANTIC 85,B-889,ILB,PEOPLE,Walker/runner,Fell/jumped from height,Rendered assistance,GOOD ,CLEAR SKIES, SLIGHT,315,GOOD ,CLEAR SKIES, SLIGHT,315,Yes,-2.56287,49.4175,2021-03-16,15:57:00,3/16/2021 3:57:00 PM,-2.56287,49.4175
134444,LBI05330/2024,St Peter Port,Sailing vessel,2024,SEVERN,ON1203,ALB,LEISURE,Sailing vessel,Unknown craft,Rendered assistance,FAIR ,CLEAR SKIES, SLIGHT,315,FAIR ,CLEAR SKIES, SLIGHT,315,Yes,-2.52563,49.41632,2024-07-21,20:56:00,7/21/2024 7:56:00 PM,-2.52563,49.41632
134445,LBI03628/2022,St Peter Port,Person in distress,2022,ATLANTIC 85,B-889,ILB,LEISURE,Person in distress,Person in distress,Rendered assistance,GOOD ,CLEAR SKIES, SMOOTH,45,GOOD ,CLEAR SKIES, SMOOTH,45,Yes,-2.37708,49.41097,2022-06-14,16:55:00,6/14/2022 3:55:00 PM,-2.37708,49.41097
134447,LBI04051/2022,St Peter Port,Unknown person,2022,SEVERN,ON1203,ALB,PEOPLE,Unknown person,Unknown person,Others assisted casualty,GOOD ,CLEAR SKIES, SMOOTH,45,GOOD ,CLEAR SKIES, SLIGHT,45,No,-2.37802,49.40918,2022-06-14,17:01:00,6/14/2022 4:01:00 PM,-2.37802,49.40918
134448,LBI01654/2023,St Peter Port,Walker/runner,2023,SEVERN,ON1203,ALB,PEOPLE,Walker/runner,Unknown person,Rendered assistance,FAIR ,CLOUDY, ROUGH,270,FAIR ,CLOUDY, ROUGH,270,Yes,-2.34404,49.40751,2023-04-12,12:32:00,4/12/2023 11:32:00 AM,-2.34404,49.40751
134449,LBI09670/2022,St Peter Port,Sailing vessel,2022,SEVERN,ON1203,ALB,LEISURE,Sailing vessel,Unknown craft,Others assisted casualty,GOOD ,PART CLOUDY, MOD/CHOP,135,GOOD ,PART CLOUDY, MOD/CHOP,135,Yes,-2.52633,49.40467,2022-11-12,19:04:00,11/12/2022 7:04:00 PM,-2.52633,49.40467
134451,LBI01427/2022,St Peter Port,Sailing vessel,2022,SEVERN,ON1203,ALB,LEISURE,Sailing vessel,Machinery/equipment failure,Rendered assistance,FAIR ,PART CLOUDY, MOD/CHOP,0,FAIR ,PART CLOUDY, MOD/CHOP,0,Yes,-2.368,49.40238,2022-04-01,23:14:00,4/1/2022 10:14:00 PM,-2.368,49.40238
134452,LBI04101/2024,St Peter Port,Motorboat,2024,SEVERN,ON1203,ALB,LEISURE,Motorboat,Unknown person,Rendered assistance,EXCELLENT ,CLEAR SKIES, SLIGHT,45,EXCELLENT ,CLEAR SKIES, SLIGHT,45,Yes,-2.49383,49.4,2024-06-19,16:40:00,6/19/2024 3:40:00 PM,-2.49383,49.4
134453,LBI00960/2023,St Peter Port,Walker/runner,2023,SEVERN,ON1203,ALB,PEOPLE,Walker/runner,Unknown person,Rendered assistance,FAIR ,PART CLOUDY, SMOOTH,135,FAIR ,PART CLOUDY, SMOOTH,135,Yes,-2.52132,49.39982,2023-03-10,18:11:00,3/10/2023 6:11:00 PM,-2.52132,49.39982
134454,LBI08379/2021,St Peter Port,Motorboat,2021,ATLANTIC 85,B-889,ILB,LEISURE,Motorboat,Injured/ill,Rendered assistance,FAIR ,CLOUDY, MOD/CHOP,180,FAIR ,CLOUDY, MOD/CHOP,180,Yes,-2.49775,49.393,2021-10-17,00:01:00,10/16/2021 11:01:00 PM,-2.49775,49.393
134455,LBI06674/2021,St Peter Port,Motorboat,2021,SEVERN,ON1203,ALB,PEOPLE,Motorboat,Machinery/equipment failure,Rendered assistance,GOOD ,CLEAR SKIES, SLIGHT,0,GOOD ,CLEAR SKIES, SLIGHT,0,Yes,-2.684,49.3915,2021-08-29,14:47:00,8/29/2021 1:47:00 PM,-2.684,49.3915
134456,LBI07451/2022,St Peter Port,Sailing vessel,2022,SEVERN,ON1203,ALB,LEISURE,Sailing vessel,Machinery/equipment failure,Rendered assistance,GOOD ,PART CLOUDY, MOD/CHOP,45,GOOD ,PART CLOUDY, MOD/CHOP,45,Yes,-2.5485,49.38337,2022-08-29,22:07:00,8/29/2022 9:07:00 PM,-2.5485,49.38337
134457,LBI09393/2022,St Peter Port,Sailing vessel,2022,SEVERN,ON1203,ALB,LEISURE,Sailing vessel,Machinery/equipment failure,Rendered assistance,FAIR ,PART CLOUDY, MOD/CHOP,225,FAIR ,PART CLOUDY, MOD/CHOP,225,Yes,-2.71667,49.38333,2022-10-30,15:12:00,10/30/2022 3:12:00 PM,-2.71667,49.38333
134458,LBI06275/2023,St Peter Port,Sailing vessel,2023,SEVERN,ON1203,ALB,LEISURE,Sailing vessel,Machinery/equipment failure,Rendered assistance,GOOD ,CLEAR SKIES, SLIGHT,270,GOOD ,CLEAR SKIES, SLIGHT,270,Yes,-2.42217,49.38233,2023-08-10,16:45:00,8/10/2023 3:45:00 PM,-2.42217,49.38233
134461,LBI02603/2021,St Peter Port,Motorboat,2021,SEVERN,ON1203,ALB,LEISURE,Motorboat,Machinery/equipment failure,Rendered assistance,GOOD ,CLEAR SKIES, SMOOTH,135,GOOD ,CLEAR SKIES, SMOOTH,135,Yes,-2.437,49.3686,2021-05-27,14:08:00,5/27/2021 1:08:00 PM,-2.437,49.3686
134463,LBI05966/2022,St Peter Port,Jet ski,2022,ATLANTIC 85,B-889,ILB,LEISURE,Jet ski,Machinery/equipment failure,Rendered assistance,POOR ,FOG, SLIGHT,315,POOR ,FOG, SLIGHT,315,Yes,-2.45667,49.35333,2022-08-03,19:02:00,8/3/2022 6:02:00 PM,-2.45667,49.35333
134472,LBI03302/2024,St Peter Port,Sailing vessel,2024,SEVERN,ON1279,ALB,LEISURE,Sailing vessel,Unknown craft,Rendered assistance,GOOD ,PART CLOUDY, SLIGHT,315,GOOD ,PART CLOUDY, SLIGHT,315,Yes,-2.74867,49.2985,2024-05-31,12:48:00,5/31/2024 11:48:00 AM,-2.74867,49.2985
134486,LBI10384/2022,St Peter Port,Commercial fishing,2022,SEVERN,ON1254,ALB,COMMERCIAL,Commercial fishing,Capsize/swamping,Rendered assistance,FAIR ,OVERCAST, MOD/CHOP,225,FAIR ,OVERCAST, MOD/CHOP,225,Yes,-2.46667,49.27117,2022-12-27,22:00:00,12/27/2022 10:00:00 PM,-2.46667,49.27117
134487,LBI04932/2023,St Peter Port,Sailing vessel,2023,SEVERN,ON1203,ALB,LEISURE,Sailing vessel,Unknown craft,Others assisted casualty,GOOD ,CLOUDY, CALM,,GOOD ,CLOUDY, CALM,NULL,Yes,-2.82417,49.26883,2023-07-10,00:23:00,7/9/2023 11:23:00 PM,-2.82417,49.26883
134508,LBI06277/2023,St Peter Port,Sailing vessel,2023,SEVERN,ON1203,ALB,LEISURE,Sailing vessel,Machinery/equipment failure,Rendered assistance,POOR ,MIST, SLIGHT,270,POOR ,MIST, SLIGHT,270,Yes,-2.63333,49.25,2023-08-10,21:46:00,8/10/2023 8:46:00 PM,-2.63333,49.25
134513,LBI06918/2024,St Peter Port,Sailing vessel,2024,SEVERN,ON1203,ALB,LEISURE,Sailing vessel,Injured/ill,Rendered assistance,FAIR ,PART CLOUDY, MOD/CHOP,315,FAIR ,PART CLOUDY, MOD/CHOP,315,Yes,-2.61833,49.24833,2024-08-20,12:22:00,8/20/2024 11:22:00 AM,-2.61833,49.24833
134537,LBI10086/2022,St Peter Port,Other,2022,SEVERN,ON1254,ALB,PEOPLE,Other,Other,Unsuccessful search,EXCELLENT ,CLEAR SKIES, SLIGHT,45,EXCELLENT ,CLEAR SKIES, SLIGHT,45,Yes,-2.32133,49.21633,2022-12-08,06:49:00,12/8/2022 6:49:00 AM,-2.32133,49.21633
134695,LBI00938/2020,St Peter Port,Other,2020,SEVERN,ON1237,ALB,PEOPLE,Other,Other,Unsuccessful search,GOOD ,PART CLOUDY, SLIGHT,225,GOOD ,PART CLOUDY, SLIGHT,225,Yes,-2.53333,49.03333,2020-03-12,01:47:00,3/12/2020 1:47:00 AM,-2.53333,49.03333

ObjectID,ROS Number,Lifeboat Station,AIC,Year,Lifeboat Class,Lifeboat Number,RoS Type,Casualty Category,Casualty Type,Reason for launch,Outcome,Visibility at incident,Weather at incident,Sea conditions at incident,Wind direction at incident,Visibility at launch,Weather at launch,Sea conditions at launch,Wind direction at launch,Arrived on scene?,x,y,Date of launch,Time of launch,Date time of launch,x2,y2
133515,LBI04933/2024,Alderney,Other,2024,TRENT,ON1199,ALB,PEOPLE,Other,Unknown craft,Unsuccessful search,FAIR ,CLOUDY, MOD/CHOP,135,FAIR ,CLOUDY, MOD/CHOP,135,Yes,-2.34617,50.1167,2024-07-08,13:50:00,7/8/2024 12:50:00 PM,-2.34617,50.1167
133589,LBI08319/2024,Alderney,Motorboat,2024,TRENT,ON1245,ALB,LEISURE,Motorboat,Machinery/equipment failure,Rendered assistance,FAIR ,SQUALLY, SLIGHT,135,FAIR ,SQUALLY, SLIGHT,135,Yes,-1.89633,50.10433,2024-09-21,18:27:00,9/21/2024 5:27:00 PM,-1.89633,50.10433
133598,LBI04288/2022,Alderney,Motorboat,2022,TRENT,ON1199,ALB,LEISURE,Motorboat,Machinery/equipment failure,Rendered assistance,GOOD ,PART CLOUDY, MOD/CHOP,225,GOOD ,PART CLOUDY, MOD/CHOP,225,Yes,-2.11765,50.10305,2022-06-30,14:00:00,6/30/2022 1:00:00 PM,-2.11765,50.10305
133938,LBI04509/2021,Alderney,Sailing vessel,2021,TRENT,ON1199,ALB,LEISURE,Sailing vessel,Machinery/equipment failure,Rendered assistance,GOOD ,PART CLOUDY, SLIGHT,270,GOOD ,PART CLOUDY, SLIGHT,270,Yes,-2.1515,50.021,2021-07-13,13:01:00,7/13/2021 12:01:00 PM,-2.1515,50.021
134089,LBI08934/2024,Alderney,Person in water,2024,TRENT,ON1245,ALB,PEOPLE,Person in water,In water,Stood down,UNKNOWN,UNKNOWN,,,GOOD ,PART CLOUDY, SLIGHT,135,No,-2.43167,49.94,2024-10-12,02:20:00,10/12/2024 1:20:00 AM,-2.43167,49.94
134096,LBI08830/2023,Alderney,Motorboat,2023,TRENT,ON1199,ALB,PEOPLE,Motorboat,Machinery/equipment failure,Rendered assistance,GOOD ,PART CLOUDY, ROUGH,270,GOOD ,PART CLOUDY, ROUGH,270,Yes,-2.31675,49.93747,2023-10-04,15:08:00,10/4/2023 2:08:00 PM,-2.31675,49.93747
134155,LBI06307/2022,Alderney,Sailing vessel,2022,TRENT,ON1199,ALB,LEISURE,Sailing vessel,Machinery/equipment failure,Rendered assistance,GOOD ,CLEAR SKIES, MOD/CHOP,45,GOOD ,CLEAR SKIES, MOD/CHOP,45,Yes,-2.15533,49.83283,2022-08-09,10:27:00,8/9/2022 9:27:00 AM,-2.15533,49.83283
134158,LBI06819/2023,Alderney,Sailing vessel,2023,TRENT,ON1199,ALB,LEISURE,Sailing vessel,Machinery/equipment failure,Rendered assistance,GOOD ,CLEAR SKIES, SLIGHT,270,GOOD ,CLEAR SKIES, SLIGHT,270,Yes,-2.06933,49.824,2023-08-20,09:50:00,8/20/2023 8:50:00 AM,-2.06933,49.824
134162,LBI04470/2024,Alderney,Kayak/canoe,2024,TRENT,ON1199,ALB,LEISURE,Kayak/canoe,Blown/swept out to sea,Rendered assistance,GOOD ,CLEAR SKIES, SLIGHT,45,GOOD ,CLEAR SKIES, SLIGHT,45,Yes,-2.00783,49.80717,2024-06-25,09:05:00,6/25/2024 8:05:00 AM,-2.00783,49.80717
134163,LBI02953/2023,Alderney,Commercial fishing,2023,TRENT,ON1199,ALB,COMMERCIAL,Commercial fishing,Machinery/equipment failure,Rendered assistance,GOOD ,CLEAR SKIES, ROUGH,45,GOOD ,CLEAR SKIES, ROUGH,45,Yes,-2.12817,49.80367,2023-05-27,11:55:00,5/27/2023 10:55:00 AM,-2.12817,49.80367
134166,LBI05773/2021,Alderney,Motorboat,2021,TRENT,ON1199,ALB,LEISURE,Motorboat,Machinery/equipment failure,Rendered assistance,GOOD ,PART CLOUDY, MOD/CHOP,225,GOOD ,PART CLOUDY, MOD/CHOP,225,Yes,-2.163,49.78783,2021-08-07,10:21:00,8/7/2021 9:21:00 AM,-2.163,49.78783
134167,LBI07025/2022,Alderney,Sailing vessel,2022,TRENT,ON1199,ALB,LEISURE,Sailing vessel,Machinery/equipment failure,Rendered assistance,FAIR ,CLOUDY, SMOOTH,270,FAIR ,CLOUDY, SMOOTH,270,Yes,-2.19583,49.78667,2022-08-21,14:40:00,8/21/2022 1:40:00 PM,-2.19583,49.78667
134169,LBI04011/2024,Alderney,Sailing vessel,2024,TRENT,ON1199,ALB,LEISURE,Sailing vessel,Machinery/equipment failure,Rendered assistance,GOOD ,CLEAR SKIES, SLIGHT,225,GOOD ,CLEAR SKIES, SLIGHT,225,Yes,-2.10233,49.78483,2024-06-16,19:42:00,6/16/2024 6:42:00 PM,-2.10233,49.78483
134170,LBI05651/2023,Alderney,Sailing vessel,2023,TRENT,ON1199,ALB,LEISURE,Sailing vessel,Machinery/equipment failure,Rendered assistance,POOR ,RAIN / HAIL, ROUGH,180,POOR ,RAIN / HAIL, ROUGH,180,Yes,-2.13388,49.78023,2023-07-27,14:57:00,7/27/2023 1:57:00 PM,-2.13388,49.78023
134171,LBI03679/2021,Alderney,Commercial fishing,2021,TRENT,ON1199,ALB,COMMERCIAL,Commercial fishing,Person in distress,Others assisted casualty,POOR ,RAIN / HAIL, MOD/CHOP,0,POOR ,RAIN / HAIL, MOD/CHOP,0,Yes,-2.77283,49.77967,2021-06-18,09:15:00,6/18/2021 8:15:00 AM,-2.77283,49.77967
134172,LBI07270/2023,Alderney,Sailing vessel,2023,TRENT,ON1199,ALB,LEISURE,Sailing vessel,Machinery/equipment failure,Rendered assistance,GOOD ,CLEAR SKIES, SLIGHT,45,GOOD ,CLEAR SKIES, SLIGHT,45,Yes,-2.18833,49.77767,2023-08-23,10:20:00,8/23/2023 9:20:00 AM,-2.18833,49.77767
134173,LBI06334/2022,Alderney,Sailing vessel,2022,TRENT,ON1199,ALB,LEISURE,Sailing vessel,Unsure of position/lost,Rendered assistance,GOOD ,CLEAR SKIES, SLIGHT,45,GOOD ,CLEAR SKIES, SLIGHT,45,Yes,-2.376,49.776,2022-08-09,22:15:00,8/9/2022 9:15:00 PM,-2.376,49.776
134174,LBI04967/2022,Alderney,Sailing vessel,2022,TRENT,ON1199,ALB,LEISURE,Sailing vessel,Machinery/equipment failure,Rendered assistance,GOOD ,CLEAR SKIES, SLIGHT,45,GOOD ,CLEAR SKIES, SLIGHT,45,Yes,-2.19467,49.7705,2022-07-15,15:23:00,7/15/2022 2:23:00 PM,-2.19467,49.7705
134175,LBI07039/2023,Alderney,Sailing vessel,2023,TRENT,ON1199,ALB,LEISURE,Sailing vessel,Machinery/equipment failure,Rendered assistance,GOOD ,PART CLOUDY, SLIGHT,270,GOOD ,PART CLOUDY, SLIGHT,270,Yes,-2.07217,49.76967,2023-08-22,10:10:00,8/22/2023 9:10:00 AM,-2.07217,49.76967
134177,LBI04992/2022,Alderney,Sailing vessel,2022,TRENT,ON1199,ALB,LEISURE,Sailing vessel,Injured/ill,Rendered assistance,GOOD ,CLEAR SKIES, MOD/CHOP,45,GOOD ,CLEAR SKIES, MOD/CHOP,45,Yes,-2.50167,49.762,2022-07-17,19:08:00,7/17/2022 6:08:00 PM,-2.50167,49.762
134178,LBI02950/2023,Alderney,Sailing vessel,2023,TRENT,ON1199,ALB,LEISURE,Sailing vessel,Machinery/equipment failure,Rendered assistance,GOOD ,CLEAR SKIES, MOD/CHOP,45,GOOD ,CLEAR SKIES, MOD/CHOP,45,Yes,-2.1235,49.76067,2023-05-25,18:10:00,5/25/2023 5:10:00 PM,-2.1235,49.76067
134180,LBI10179/2024,Alderney,Sailing vessel,2024,TRENT,ON1245,ALB,LEISURE,Sailing vessel,Machinery/equipment failure,Rendered assistance,GOOD ,PART CLOUDY, MOD/CHOP,315,GOOD ,PART CLOUDY, MOD/CHOP,315,Yes,-2.1915,49.75717,2024-12-03,08:30:00,12/3/2024 8:30:00 AM,-2.1915,49.75717
134181,LBI04401/2021,Alderney,Kayak/canoe,2021,TRENT,ON1199,ALB,LEISURE,Kayak/canoe,Blown/swept out to sea,Rendered assistance,FAIR ,CLOUDY, SLIGHT,225,FAIR ,CLOUDY, SLIGHT,225,Yes,-2.1145,49.75483,2021-07-08,05:49:00,7/8/2021 4:49:00 AM,-2.1145,49.75483
134182,LBI08808/2023,Alderney,Sailing vessel,2023,TRENT,ON1199,ALB,LEISURE,Sailing vessel,Machinery/equipment failure,Rendered assistance,GOOD ,CLOUDY, SLIGHT,225,GOOD ,CLOUDY, SLIGHT,225,Yes,-2.416,49.75367,2023-09-30,04:16:00,9/30/2023 3:16:00 AM,-2.416,49.75367
134184,LBI08411/2022,Alderney,Sailing vessel,2022,TRENT,ON1199,ALB,LEISURE,Sailing vessel,Unknown craft,Others assisted casualty,GOOD ,PART CLOUDY, ROUGH,315,GOOD ,PART CLOUDY, ROUGH,315,Yes,-2.33533,49.75033,2022-09-10,00:02:00,9/9/2022 11:02:00 PM,-2.33533,49.75033
134185,LBI09302/2021,Alderney,Commercial fishing,2021,TRENT,ON1199,ALB,COMMERCIAL,Commercial fishing,Unknown craft,Others assisted casualty,GOOD ,CLEAR SKIES, SMOOTH,,GOOD ,CLEAR SKIES, SMOOTH,NULL,Yes,-2.16667,49.75,2021-11-13,12:15:00,11/13/2021 12:15:00 PM,-2.16667,49.75
134187,LBI06464/2023,Alderney,Sailing vessel,2023,TRENT,ON1199,ALB,LEISURE,Sailing vessel,Machinery/equipment failure,Rendered assistance,POOR ,FOG, SLIGHT,270,POOR ,FOG, SLIGHT,270,Yes,-2.13917,49.74917,2023-08-11,15:50:00,8/11/2023 2:50:00 PM,-2.13917,49.74917
134188,LBI10174/2024,Alderney,Sailing vessel,2024,TRENT,ON1245,ALB,LEISURE,Sailing vessel,Machinery/equipment failure,Rendered assistance,GOOD ,PART CLOUDY, CALM,,GOOD ,PART CLOUDY, CALM,NULL,Yes,-2.18233,49.7465,2024-11-15,10:33:00,11/15/2024 10:33:00 AM,-2.18233,49.7465
134189,LBI06879/2024,Alderney,Sailing dinghy,2024,TRENT,ON1213,ALB,LEISURE,Sailing dinghy,Machinery/equipment failure,Rendered assistance,GOOD ,PART CLOUDY, MOD/CHOP,270,GOOD ,PART CLOUDY, SLIGHT,270,Yes,-2.1375,49.7455,2024-08-19,11:45:00,8/19/2024 10:45:00 AM,-2.1375,49.7455
134190,LBI06950/2023,Alderney,Sailing vessel,2023,TRENT,ON1199,ALB,LEISURE,Sailing vessel,Machinery/equipment failure,Rendered assistance,GOOD ,CLEAR SKIES, SLIGHT,270,GOOD ,CLEAR SKIES, SLIGHT,270,Yes,-2.22983,49.74367,2023-08-20,13:42:00,8/20/2023 12:42:00 PM,-2.22983,49.74367
134191,LBI06072/2024,Alderney,Commercial fishing,2024,TRENT,ON1199,ALB,COMMERCIAL,Commercial fishing,Machinery/equipment failure,Rendered assistance,GOOD ,CLOUDY, MOD/CHOP,225,GOOD ,CLOUDY, MOD/CHOP,225,Yes,-2.22182,49.74252,2024-08-03,05:30:00,8/3/2024 4:30:00 AM,-2.22182,49.74252
134192,LBI06563/2024,Alderney,Sailing vessel,2024,TRENT,ON1199,ALB,LEISURE,Sailing vessel,Machinery/equipment failure,Rendered assistance,GOOD ,PART CLOUDY, MOD/CHOP,315,GOOD ,PART CLOUDY, MOD/CHOP,315,Yes,-2.20917,49.74017,2024-08-12,14:20:00,8/12/2024 1:20:00 PM,-2.20917,49.74017
134193,LBI05505/2022,Alderney,Sailing vessel,2022,TRENT,ON1199,ALB,LEISURE,Sailing vessel,Collision,Rendered assistance,GOOD ,CLEAR SKIES, SLIGHT,225,GOOD ,CLEAR SKIES, SLIGHT,225,Yes,-2.14217,49.7395,2022-07-24,16:18:00,7/24/2022 3:18:00 PM,-2.14217,49.7395
134194,LBI10171/2024,Alderney,Sailing vessel,2024,TRENT,ON1245,ALB,LEISURE,Sailing vessel,Unknown craft,Rendered assistance,GOOD ,PART CLOUDY, SLIGHT,90,GOOD ,PART CLOUDY, SLIGHT,90,Yes,-2.1451,49.73508,2024-11-10,13:45:00,11/10/2024 1:45:00 PM,-2.1451,49.73508
134195,LBI06578/2024,Alderney,Commercial fishing,2024,TRENT,ON1199,ALB,COMMERCIAL,Commercial fishing,Machinery/equipment failure,Rendered assistance,GOOD ,CLEAR SKIES, SLIGHT,315,GOOD ,CLEAR SKIES, SLIGHT,315,Yes,-2.17,49.73467,2024-08-13,15:05:00,8/13/2024 2:05:00 PM,-2.17,49.73467
134196,LBI02681/2020,Alderney,Motorboat,2020,TRENT,ON1199,ALB,PEOPLE,Motorboat,Machinery/equipment failure,Rendered assistance,GOOD ,CLEAR SKIES, SLIGHT,270,GOOD ,CLEAR SKIES, SLIGHT,270,Yes,-2.16667,49.73333,2020-06-17,16:20:00,6/17/2020 3:20:00 PM,-2.16667,49.73333
134197,LBI08907/2022,Alderney,Commercial fishing,2022,TRENT,ON1199,ALB,COMMERCIAL,Commercial fishing,Machinery/equipment failure,Rendered assistance,GOOD ,PART CLOUDY, SLIGHT,45,GOOD ,PART CLOUDY, SLIGHT,45,Yes,-2.18181,49.73207,2022-10-11,19:00:00,10/11/2022 6:00:00 PM,-2.18181,49.73207
134199,LBI01076/2020,Alderney,Unknown person,2020,TRENT,ON1199,ALB,PEOPLE,Unknown person,Blown/swept out to sea,Rendered assistance,EXCELLENT ,CLEAR SKIES, SLIGHT,225,EXCELLENT ,CLEAR SKIES, SLIGHT,225,Yes,-2.04383,49.7295,2020-03-18,12:05:00,3/18/2020 12:05:00 PM,-2.04383,49.7295
134200,LBI06070/2024,Alderney,Sailing vessel,2024,TRENT,ON1199,ALB,LEISURE,Sailing vessel,Machinery/equipment failure,Rendered assistance,GOOD ,PART CLOUDY, CALM,,GOOD ,PART CLOUDY, CALM,NULL,Yes,-2.26117,49.729,2024-07-26,09:43:00,7/26/2024 8:43:00 AM,-2.26117,49.729
134201,LBI00946/2022,Alderney,Sailing vessel,2022,TRENT,ON1199,ALB,LEISURE,Sailing vessel,Collision,Rendered assistance,GOOD ,PART CLOUDY, ROUGH,45,GOOD ,PART CLOUDY, ROUGH,45,Yes,-2.19855,49.72674,2022-03-07,07:25:00,3/7/2022 7:25:00 AM,-2.19855,49.72674
134203,LBI07357/2021,Alderney,Motorboat,2021,TRENT,ON1199,ALB,LEISURE,Motorboat,Missing/overdue,Rendered assistance,GOOD ,PART CLOUDY, SLIGHT,45,GOOD ,PART CLOUDY, SLIGHT,45,Yes,-2.19998,49.725,2021-09-13,11:47:00,9/13/2021 10:47:00 AM,-2.19998,49.725
134208,LBI02560/2022,Alderney,Motorboat,2022,TRENT,ON1199,ALB,LEISURE,Motorboat,Machinery/equipment failure,Rendered assistance,GOOD ,CLEAR SKIES, SLIGHT,225,GOOD ,CLEAR SKIES, SLIGHT,225,Yes,-2.14783,49.72267,2022-05-13,19:10:00,5/13/2022 6:10:00 PM,-2.14783,49.72267
134209,LBI06206/2022,Alderney,Other,2022,TRENT,ON1199,ALB,PEOPLE,Other,Other,Rendered assistance,GOOD ,CLEAR SKIES, SLIGHT,45,GOOD ,CLEAR SKIES, SLIGHT,45,Yes,-2.16362,49.72201,2022-08-08,14:42:00,8/8/2022 1:42:00 PM,-2.16362,49.72201
134211,LBI05264/2020,Alderney,Sailing vessel,2020,TRENT,ON1199,ALB,LEISURE,Sailing vessel,Collision,Rendered assistance,GOOD ,CLEAR SKIES, SLIGHT,90,GOOD ,CLEAR SKIES, SLIGHT,90,Yes,-2.16667,49.71667,2020-08-08,12:30:00,8/8/2020 11:30:00 AM,-2.16667,49.71667
134212,LBI05351/2020,Alderney,Motorboat,2020,TRENT,ON1199,ALB,LEISURE,Motorboat,Capsize/swamping,Rendered assistance,GOOD ,CLEAR SKIES, SLIGHT,90,GOOD ,CLEAR SKIES, SLIGHT,90,Yes,-2.2,49.71667,2020-08-10,12:10:00,8/10/2020 11:10:00 AM,-2.2,49.71667
134214,LBI02498/2021,Alderney,Motorboat,2021,TRENT,ON1213,ALB,LEISURE,Motorboat,Machinery/equipment failure,Rendered assistance,GOOD ,PART CLOUDY, ROUGH,180,GOOD ,PART CLOUDY, ROUGH,180,Yes,-2.26933,49.71583,2021-05-08,11:40:00,5/8/2021 10:40:00 AM,-2.26933,49.71583
134215,LBI08317/2024,Alderney,Other,2024,TRENT,ON1245,ALB,PEOPLE,Other,Injured/ill,Rendered assistance,GOOD ,CLEAR SKIES, SLIGHT,45,GOOD ,CLEAR SKIES, ROUGH,45,Yes,-2.23267,49.71187,2024-09-18,18:54:00,9/18/2024 5:54:00 PM,-2.23267,49.71187
134217,LBI06559/2023,Alderney,Sailing vessel,2023,TRENT,ON1199,ALB,LEISURE,Sailing vessel,Machinery/equipment failure,Rendered assistance,EXCELLENT ,CLEAR SKIES, SMOOTH,,EXCELLENT ,CLEAR SKIES, SMOOTH,NULL,Yes,-2.1581,49.70433,2023-08-15,02:00:00,8/15/2023 1:00:00 AM,-2.1581,49.70433
134218,LBI04907/2020,Alderney,Motorboat,2020,TRENT,ON1199,ALB,LEISURE,Motorboat,Collision,Rendered assistance,GOOD ,CLEAR SKIES, SLIGHT,45,GOOD ,CLEAR SKIES, SLIGHT,45,Yes,-2.23667,49.70167,2020-07-30,14:55:00,7/30/2020 1:55:00 PM,-2.23667,49.70167
134219,LBI07273/2023,Alderney,Sailing vessel,2023,TRENT,ON1199,ALB,LEISURE,Sailing vessel,Machinery/equipment failure,Rendered assistance,GOOD ,CLOUDY, MOD/CHOP,270,GOOD ,CLOUDY, MOD/CHOP,270,Yes,-2.16192,49.69867,2023-08-26,09:30:00,8/26/2023 8:30:00 AM,-2.16192,49.69867
134222,LBI03244/2022,Alderney,Commercial fishing,2022,TRENT,ON1199,ALB,COMMERCIAL,Commercial fishing,Machinery/equipment failure,Rendered assistance,GOOD ,PART CLOUDY, MOD/CHOP,315,GOOD ,PART CLOUDY, MOD/CHOP,315,Yes,-2.11433,49.689,2022-05-27,15:05:00,5/27/2022 2:05:00 PM,-2.11433,49.689
134223,LBI02648/2023,Alderney,Sailing vessel,2023,TRENT,ON1199,ALB,LEISURE,Sailing vessel,Machinery/equipment failure,Rendered assistance,GOOD ,CLEAR SKIES, SLIGHT,315,GOOD ,CLEAR SKIES, SLIGHT,315,Yes,-2.18423,49.68397,2023-05-21,14:00:00,5/21/2023 1:00:00 PM,-2.18423,49.68397
134224,LBI02511/2020,Alderney,Sailing vessel,2020,TRENT,ON1199,ALB,LEISURE,Sailing vessel,Machinery/equipment failure,Rendered assistance,GOOD ,PART CLOUDY, ROUGH,225,GOOD ,PART CLOUDY, ROUGH,225,Yes,-2.1805,49.67783,2020-05-22,13:50:00,5/22/2020 12:50:00 PM,-2.1805,49.67783
134231,LBI02562/2022,Alderney,Commercial activity,2022,TRENT,ON1199,ALB,COMMERCIAL,Commercial activity,Machinery/equipment failure,Rendered assistance,GOOD ,CLEAR SKIES, MOD/CHOP,135,GOOD ,CLEAR SKIES, MOD/CHOP,135,Yes,-2.32,49.64833,2022-05-16,08:05:00,5/16/2022 7:05:00 AM,-2.32,49.64833
134238,LBI05705/2024,Alderney,Sailing vessel,2024,TRENT,ON1199,ALB,LEISURE,Sailing vessel,Machinery/equipment failure,Rendered assistance,GOOD ,CLEAR SKIES, SLIGHT,225,GOOD ,CLEAR SKIES, SLIGHT,225,Yes,-2.272,49.60467,2024-07-24,09:14:00,7/24/2024 8:14:00 AM,-2.272,49.60467
134239,LBI02348/2022,Alderney,Motorboat,2022,TRENT,ON1199,ALB,LEISURE,Motorboat,Machinery/equipment failure,Rendered assistance,GOOD ,CLOUDY, ROUGH,45,GOOD ,CLOUDY, ROUGH,45,Yes,-2.36667,49.59833,2022-05-08,12:10:00,5/8/2022 11:10:00 AM,-2.36667,49.59833
134243,LBI06645/2020,Alderney,Motorboat,2020,TRENT,ON1209,ALB,LEISURE,Motorboat,Fire/explosion,Rendered assistance,GOOD ,CLEAR SKIES, SLIGHT,45,GOOD ,CLEAR SKIES, SLIGHT,45,Yes,-2.26217,49.58517,2020-08-30,17:05:00,8/30/2020 4:05:00 PM,-2.26217,49.58517
134359,LBI00746/2023,Alderney,Other,2023,TRENT,ON1199,ALB,PEOPLE,Other,Injured/ill,Rendered assistance,GOOD ,PART CLOUDY, SLIGHT,315,GOOD ,PART CLOUDY, SLIGHT,315,Yes,-2.52958,49.44918,2023-02-21,10:20:00,2/21/2023 10:20:00 AM,-2.52958,49.44918
134371,LBI00518/2023,Alderney,Other,2023,TRENT,ON1199,ALB,PEOPLE,Other,Injured/ill,Rendered assistance,FAIR ,PART CLOUDY, SLIGHT,180,FAIR ,PART CLOUDY, SLIGHT,180,Yes,-2.52956,49.43738,2023-02-11,09:00:00,2/11/2023 9:00:00 AM,-2.52956,49.43738
134403,LBI01977/2022,Alderney,Unknown person,2022,TRENT,ON1199,ALB,PEOPLE,Unknown person,Injured/ill,Rendered assistance,GOOD ,PART CLOUDY, SLIGHT,90,GOOD ,PART CLOUDY, SLIGHT,90,Yes,-2.53231,49.43202,2022-04-20,17:15:00,4/20/2022 4:15:00 PM,-2.53231,49.43202